Timestamp (BST),Hours from Pitch,DO (mg/L),pH,Gravity (°P),ADF (%),RDF (%),ABV Est. (%),Pressure (Bar),Fluid Temp (°C),Comp. Fluid Temp (°C),Ambient Temp (°C),Conductivity (uS/cm),Notes,Data Source,style_name
08/08/2024 15:51,-21.65,1.4,4.77,11.5,4.49,3.9,1.1,0.08,34,34.356,24,1935,,BrewIQ,SHU Lager
08/08/2024 16:11,-21.32,1.05,5.11,12.3,-2.16,-1.74,0.61,0.08,33.8,34.156,22,1958,,BrewIQ,SHU Lager
08/08/2024 16:31,-20.98,0.5,5.17,12.3,-2.16,-1.74,0.55,0.08,33,33.356,22,1925,,BrewIQ,SHU Lager
08/08/2024 16:51,-20.65,0.38,5.22,12.4,-2.99,-2.57,0.52,0.08,32.3,32.656,22,1911,,BrewIQ,SHU Lager
08/08/2024 17:11,-20.32,0.42,5.24,12.3,-2.16,-1.74,0.51,0.08,31.6,31.956,22,1896,,BrewIQ,SHU Lager
08/08/2024 17:31,-19.98,0.32,5.27,12.4,-2.99,-2.57,0.47,0.08,30.9,31.256,22,1890,,BrewIQ,SHU Lager
08/08/2024 17:51,-19.65,0.36,5.3,12.4,-2.99,-2.57,0.44,0.08,30.3,30.656,22,1888,,BrewIQ,SHU Lager
08/08/2024 18:11,-19.32,0.32,5.29,12.4,-2.99,-2.57,0.41,0.08,29.6,29.956,22,1883,,BrewIQ,SHU Lager
08/08/2024 18:31,-18.98,0.3,5.33,12.4,-2.99,-2.57,0.39,0.08,28.9,29.256,22,1881,,BrewIQ,SHU Lager
08/08/2024 18:51,-18.65,0.3,5.32,12.4,-2.99,-2.57,0.36,0.08,28.4,28.756,22,1882,,BrewIQ,SHU Lager
08/08/2024 19:11,-18.32,0.3,5.35,12.4,-2.99,-2.57,0.35,0.08,27.8,28.156,22,1883,,BrewIQ,SHU Lager
08/08/2024 19:31,-17.98,0.3,5.34,12.3,-2.16,-1.74,0.32,0.08,27.2,27.556,22,1880,,BrewIQ,SHU Lager
08/08/2024 19:51,-17.65,0.31,5.35,12.3,-2.16,-1.74,0.3,0.08,26.7,27.056,22,1878,,BrewIQ,SHU Lager
08/08/2024 20:11,-17.32,0.31,5.38,12.3,-2.16,-1.74,0.28,0.08,26.2,26.556,22,1876,,BrewIQ,SHU Lager
08/08/2024 20:31,-16.98,0.3,5.37,12.3,-2.16,-1.74,0.26,0.08,25.6,25.956,22,1874,,BrewIQ,SHU Lager
08/08/2024 20:51,-16.65,0.3,5.37,12.3,-2.16,-1.74,0.25,0.08,25.1,25.456,22,1876,,BrewIQ,SHU Lager
08/08/2024 21:11,-16.32,0.3,5.38,12.3,-2.16,-1.74,0.22,0.08,24.6,24.956,22,1877,,BrewIQ,SHU Lager
08/08/2024 21:31,-15.98,0.3,5.4,12.3,-2.16,-1.74,0.19,0.08,24.1,24.456,22,1879,,BrewIQ,SHU Lager
08/08/2024 21:51,-15.65,0.3,5.37,12.3,-2.16,-1.74,0.18,0.08,23.6,23.956,22,1883,,BrewIQ,SHU Lager
08/08/2024 22:11,-15.32,0.31,5.39,12.3,-2.16,-1.74,0.17,0.08,23.1,23.456,22,1881,,BrewIQ,SHU Lager
08/08/2024 22:31,-14.98,0.32,5.4,12.3,-2.16,-1.74,0.15,0.08,22.6,22.956,22,1880,,BrewIQ,SHU Lager
08/08/2024 22:51,-14.65,0.31,5.4,12.3,-2.16,-1.74,0.12,0.08,22.2,22.556,22,1900,,BrewIQ,SHU Lager
08/08/2024 23:11,-14.32,0.32,5.4,12.3,-2.16,-1.74,0.12,0.08,22,22.356,22,1896,,BrewIQ,SHU Lager
08/08/2024 23:31,-13.98,0.32,5.39,12.3,-2.16,-1.74,0.12,0.08,22,22.356,22,1903,,BrewIQ,SHU Lager
08/08/2024 23:51,-13.65,0.32,5.42,12.3,-2.16,-1.74,0.12,0.08,22,22.356,22,1905,,BrewIQ,SHU Lager
08/09/2024 00:11,-13.32,0.32,5.4,12.3,-2.16,-1.74,0.12,0.08,22,22.356,22,1904,,BrewIQ,SHU Lager
08/09/2024 00:31,-12.98,0.32,5.39,12.3,-2.16,-1.74,0.12,0.08,22,22.356,22,1906,,BrewIQ,SHU Lager
08/09/2024 00:51,-12.65,0.32,5.41,12.3,-2.16,-1.74,0.12,0.08,22,22.356,22,1906,,BrewIQ,SHU Lager
08/09/2024 01:11,-12.32,0.32,5.41,12.3,-2.16,-1.74,0.12,0.08,22,22.356,22,1907,,BrewIQ,SHU Lager
08/09/2024 01:31,-11.98,0.35,5.43,12.3,-2.16,-1.74,0.12,0.08,22,22.356,22,1908,,BrewIQ,SHU Lager
08/09/2024 01:51,-11.65,0.32,5.41,12.3,-2.16,-1.74,0.12,0.08,22,22.356,22,1909,,BrewIQ,SHU Lager
08/09/2024 02:11,-11.32,0.32,5.4,12.3,-2.16,-1.74,0.12,0.08,22,22.356,22,1915,,BrewIQ,SHU Lager
08/09/2024 02:31,-10.98,0.32,5.42,12.3,-2.16,-1.74,0.12,0.08,22,22.356,22,1915,,BrewIQ,SHU Lager
08/09/2024 02:51,-10.65,0.32,5.41,12.3,-2.16,-1.74,0.12,0.08,21.9,22.256,22,1914,,BrewIQ,SHU Lager
08/09/2024 03:11,-10.32,0.32,5.4,12.3,-2.16,-1.74,0.12,0.08,21.9,22.256,22,1915,,BrewIQ,SHU Lager
08/09/2024 03:31,-9.98,0.32,5.43,12.3,-2.16,-1.74,0.12,0.08,21.9,22.256,22,1914,,BrewIQ,SHU Lager
08/09/2024 03:51,-9.65,0.33,5.4,12.3,-2.16,-1.74,0.12,0.08,21.9,22.256,22,1915,,BrewIQ,SHU Lager
08/09/2024 04:11,-9.32,0.32,5.41,12.3,-2.16,-1.74,0.12,0.08,21.9,22.256,22,1916,,BrewIQ,SHU Lager
08/09/2024 04:31,-8.98,0.32,5.41,12.3,-2.16,-1.74,0.12,0.08,21.9,22.256,22,1917,,BrewIQ,SHU Lager
08/09/2024 04:51,-8.65,0.32,5.43,12.3,-2.16,-1.74,0.12,0.08,21.9,22.256,22,1916,,BrewIQ,SHU Lager
08/09/2024 05:11,-8.32,0.32,5.42,12.3,-2.16,-1.74,0.12,0.08,21.9,22.256,22,1917,,BrewIQ,SHU Lager
08/09/2024 05:31,-7.98,0.32,5.41,12.3,-2.16,-1.74,0.12,0.08,21.9,22.256,21,1918,,BrewIQ,SHU Lager
08/09/2024 05:51,-7.65,0.32,5.41,12.3,-2.16,-1.74,0.12,0.08,21.9,22.256,21,1921,,BrewIQ,SHU Lager
08/09/2024 06:11,-7.32,0.32,5.41,12.3,-2.16,-1.74,0.12,0.08,21.9,22.256,21,1922,,BrewIQ,SHU Lager
08/09/2024 06:31,-6.98,0.31,5.4,12.3,-2.16,-1.74,0.12,0.08,21.9,22.256,21,1921,,BrewIQ,SHU Lager
08/09/2024 06:51,-6.65,0.31,5.42,12.3,-2.16,-1.74,0.12,0.08,21.9,22.256,22,1924,,BrewIQ,SHU Lager
08/09/2024 07:11,-6.32,0.32,5.42,12.3,-2.16,-1.74,0.12,0.08,21.9,22.256,22,1928,,BrewIQ,SHU Lager
08/09/2024 07:31,-5.98,0.32,5.42,12.3,-2.16,-1.74,0.11,0.08,21.8,22.156,22,1925,,BrewIQ,SHU Lager
08/09/2024 07:51,-5.65,0.31,5.4,12.3,-2.16,-1.74,0.11,0.08,21.8,22.156,21,1926,,BrewIQ,SHU Lager
08/09/2024 08:11,-5.32,0.32,5.42,12.3,-2.16,-1.74,0.11,0.08,21.8,22.156,21,1928,,BrewIQ,SHU Lager
08/09/2024 08:31,-4.98,0.32,5.4,12.3,-2.16,-1.74,0.11,0.08,21.8,22.156,21,1931,,BrewIQ,SHU Lager
08/09/2024 08:51,-4.65,0.32,5.43,12.3,-2.16,-1.74,0.11,0.08,21.8,22.156,21,1931,,BrewIQ,SHU Lager
08/09/2024 09:11,-4.32,0.31,5.43,12.3,-2.16,-1.74,0.11,0.08,21.8,22.156,21,1931,,BrewIQ,SHU Lager
08/09/2024 09:31,-3.98,0.31,5.44,12.3,-2.16,-1.74,0.11,0.08,21.8,22.156,21,1930,,BrewIQ,SHU Lager
08/09/2024 09:51,-3.65,0.31,5.43,12.3,-2.16,-1.74,0.11,0.08,21.7,22.056,21,1933,,BrewIQ,SHU Lager
08/09/2024 10:11,-3.32,0.31,5.43,12.3,-2.16,-1.74,0.11,0.08,21.7,22.056,21,1933,,BrewIQ,SHU Lager
08/09/2024 10:31,-2.98,0.31,5.4,12.3,-2.16,-1.74,0.11,0.08,21.7,22.056,21,1933,,BrewIQ,SHU Lager
08/09/2024 10:51,-2.65,0.31,5.42,12.3,-2.16,-1.74,0.11,0.08,21.7,22.056,21,1934,,BrewIQ,SHU Lager
08/09/2024 11:11,-2.32,0.31,5.41,12.3,-2.16,-1.74,0.11,0.08,21.6,21.956,21,1934,,BrewIQ,SHU Lager
08/09/2024 11:31,-1.98,0.3,5.41,12.3,-2.16,-1.74,0.11,0.08,21.6,21.956,21,1935,,BrewIQ,SHU Lager
08/09/2024 11:51,-1.65,0.3,5.43,12.3,-2.16,-1.74,0.11,0.08,21.6,21.956,21,1940,,BrewIQ,SHU Lager
08/09/2024 12:11,-1.32,0.3,5.45,12.3,-2.16,-1.74,0.11,0.08,21.6,21.956,21,1940,,BrewIQ,SHU Lager
08/09/2024 12:31,-0.98,0.3,5.42,12.3,-2.16,-1.74,0.11,0.08,21.6,21.956,21,1943,,BrewIQ,SHU Lager
08/09/2024 12:51,-0.65,0.3,5.44,12.3,-2.16,-1.74,0.11,0.08,21.6,21.956,21,1941,,BrewIQ,SHU Lager
08/09/2024 13:11,-0.32,0.3,5.45,12.3,-2.16,-1.74,0.11,0.08,21.6,21.956,21,1946,,BrewIQ,SHU Lager
08/09/2024 13:31,0.02,0.3,5.41,12.3,-2.16,-1.74,0.11,0.08,21.6,21.956,21,1946,,BrewIQ,SHU Lager
08/09/2024 13:51,0.35,0.3,5.4,12.3,-2.16,-1.74,0.1,0.08,21.6,21.956,21,1943,,BrewIQ,SHU Lager
08/09/2024 14:11,0.68,0.3,5.45,12.3,-2.16,-1.74,0.1,0.08,21.6,21.956,21,1945,,BrewIQ,SHU Lager
08/09/2024 14:31,1.02,0.29,5.41,12.3,-2.16,-1.74,0.1,0.08,21.5,21.856,21,1943,,BrewIQ,SHU Lager
08/09/2024 14:51,1.35,0.29,5.42,12.3,-2.16,-1.74,0.1,0.08,21.5,21.856,21,1943,,BrewIQ,SHU Lager
08/09/2024 15:11,1.68,0.3,5.41,12.3,-2.16,-1.74,0.1,0.08,21.5,21.856,21,1946,,BrewIQ,SHU Lager
08/09/2024 15:31,2.02,0.3,5.4,12.3,-2.16,-1.74,0.1,0.08,21.5,21.856,21,1944,,BrewIQ,SHU Lager
08/09/2024 15:51,2.35,0.3,5.38,12.3,-2.16,-1.74,0.1,0.08,21.5,21.856,21,1945,,BrewIQ,SHU Lager
08/09/2024 16:11,2.68,0.3,5.4,12.3,-2.16,-1.74,0.1,0.08,21.4,21.756,21,1946,,BrewIQ,SHU Lager
08/09/2024 16:31,3.02,0.3,5.4,12.3,-2.16,-1.74,0.1,0.08,21.4,21.756,21,1948,,BrewIQ,SHU Lager
08/09/2024 16:51,3.35,0.29,5.38,12.3,-2.16,-1.74,0.1,0.08,21.4,21.756,21,1948,,BrewIQ,SHU Lager
08/09/2024 17:11,3.68,0.29,5.37,12.3,-2.16,-1.74,0.1,0.08,21.4,21.756,21,1948,,BrewIQ,SHU Lager
08/09/2024 17:31,4.02,0.29,5.38,12.3,-2.16,-1.74,0.1,0.08,21.4,21.756,21,1949,,BrewIQ,SHU Lager
08/09/2024 17:51,4.35,0.29,5.36,12.3,-2.16,-1.74,0.1,0.08,21.3,21.656,21,1950,,BrewIQ,SHU Lager
08/09/2024 18:11,4.68,0.29,5.38,12.3,-2.16,-1.74,0.1,0.08,21.3,21.656,21,1951,,BrewIQ,SHU Lager
08/09/2024 18:31,5.02,0.29,5.35,12.3,-2.16,-1.74,0.1,0.08,21.3,21.656,21,1955,,BrewIQ,SHU Lager
08/09/2024 18:51,5.35,0.29,5.39,12.3,-2.16,-1.74,0.1,0.08,21.3,21.656,21,1957,,BrewIQ,SHU Lager
08/09/2024 19:11,5.68,0.3,5.36,12.3,-2.16,-1.74,0.11,0.08,21.4,21.756,21,1957,,BrewIQ,SHU Lager
08/09/2024 19:31,6.02,0.29,5.36,12.3,-2.16,-1.74,0.11,0.08,21.4,21.756,21,1958,,BrewIQ,SHU Lager
08/09/2024 19:51,6.35,0.3,5.33,12.3,-2.16,-1.74,0.11,0.08,21.4,21.756,21,1960,,BrewIQ,SHU Lager
08/09/2024 20:11,6.68,0.29,5.37,12.3,-2.16,-1.74,0.11,0.08,21.4,21.756,21,1959,,BrewIQ,SHU Lager
08/09/2024 20:31,7.02,0.29,5.37,12.3,-2.16,-1.74,0.11,0.08,21.4,21.756,21,1960,,BrewIQ,SHU Lager
08/09/2024 20:51,7.35,0.29,5.34,12.3,-2.16,-1.74,0.11,0.08,21.4,21.756,21,1960,,BrewIQ,SHU Lager
08/09/2024 21:11,7.68,0.29,5.36,12.3,-2.16,-1.74,0.11,0.08,21.4,21.756,21,1961,,BrewIQ,SHU Lager
08/09/2024 21:31,8.02,0.29,5.31,12.3,-2.16,-1.74,0.11,0.08,21.4,21.756,21,1961,,BrewIQ,SHU Lager
08/09/2024 21:51,8.35,0.29,5.32,12.3,-2.16,-1.74,0.11,0.08,21.4,21.756,21,1963,,BrewIQ,SHU Lager
08/09/2024 22:11,8.68,0.29,5.3,12.3,-2.16,-1.74,0.11,0.08,21.4,21.756,21,1968,,BrewIQ,SHU Lager
08/09/2024 22:31,9.02,0.29,5.29,12.3,-2.16,-1.74,0.11,0.08,21.4,21.756,21,1972,,BrewIQ,SHU Lager
08/09/2024 22:51,9.35,0.29,5.32,12.3,-2.16,-1.74,0.11,0.08,21.4,21.756,21,1971,,BrewIQ,SHU Lager
08/09/2024 23:11,9.68,0.29,5.3,12.3,-2.16,-1.74,0.11,0.08,21.4,21.756,21,1975,,BrewIQ,SHU Lager
08/09/2024 23:31,10.02,0.29,5.28,12.3,-2.16,-1.74,0.12,0.08,21.4,21.756,21,1976,,BrewIQ,SHU Lager
08/09/2024 23:51,10.35,0.29,5.27,12.3,-2.16,-1.74,0.12,0.08,21.4,21.756,21,1977,,BrewIQ,SHU Lager
08/10/2024 00:11,10.68,0.29,5.28,12.3,-2.16,-1.74,0.12,0.08,21.4,21.756,21,1978,,BrewIQ,SHU Lager
08/10/2024 00:31,11.02,0.29,5.28,12.3,-2.16,-1.74,0.12,0.08,21.4,21.756,21,1976,,BrewIQ,SHU Lager
08/10/2024 00:51,11.35,0.29,5.26,12.2,-1.33,-1,0.12,0.08,21.4,21.756,21,1975,,BrewIQ,SHU Lager
08/10/2024 01:11,11.68,0.29,5.27,12.2,-1.33,-1,0.12,0.08,21.4,21.756,21,1979,,BrewIQ,SHU Lager
08/10/2024 01:31,12.02,0.29,5.26,12.2,-1.33,-1,0.12,0.08,21.4,21.756,21,1981,,BrewIQ,SHU Lager
08/10/2024 01:51,12.35,0.29,5.23,12.2,-1.33,-1,0.14,0.08,21.4,21.756,22,1983,,BrewIQ,SHU Lager
08/10/2024 02:11,12.68,0.29,5.21,12.2,-1.33,-1,0.15,0.08,21.5,21.856,22,1977,,BrewIQ,SHU Lager
08/10/2024 02:31,13.02,0.28,5.18,12.2,-1.33,-1,0.15,0.08,21.5,21.856,22,1980,,BrewIQ,SHU Lager
08/10/2024 02:51,13.35,0.28,5.2,12.2,-1.33,-1,0.15,0.08,21.5,21.856,22,1984,,BrewIQ,SHU Lager
08/10/2024 03:11,13.68,0.29,5.14,12.2,-1.33,-1,0.15,0.08,21.5,21.856,22,1985,,BrewIQ,SHU Lager
08/10/2024 03:31,14.02,0.29,5.15,12.2,-1.33,-1,0.17,0.08,21.5,21.856,22,1990,,BrewIQ,SHU Lager
08/10/2024 03:51,14.35,0.28,5.15,12.2,-1.33,-1,0.17,0.08,21.5,21.856,22,1994,,BrewIQ,SHU Lager
08/10/2024 04:11,14.68,0.28,5.12,12.2,-1.33,-1,0.17,0.08,21.6,21.956,22,1998,,BrewIQ,SHU Lager
08/10/2024 04:31,15.02,0.28,5.12,12.2,-1.33,-1,0.17,0.08,21.6,21.956,22,1999,,BrewIQ,SHU Lager
08/10/2024 04:51,15.35,0.28,5.07,12.2,-1.33,-1,0.17,0.08,21.6,21.956,22,2005,,BrewIQ,SHU Lager
08/10/2024 05:11,15.68,0.28,5.06,12.2,-1.33,-1,0.17,0.08,21.6,21.956,22,2003,,BrewIQ,SHU Lager
08/10/2024 05:31,16.02,0.29,5.07,12.2,-1.33,-1,0.18,0.08,21.6,21.956,22,2008,,BrewIQ,SHU Lager
08/10/2024 05:51,16.35,0.29,5.02,12.2,-1.33,-1,0.18,0.08,21.6,21.956,22,2009,,BrewIQ,SHU Lager
08/10/2024 06:11,16.68,0.28,5.02,12.2,-1.33,-1,0.18,0.08,21.6,21.956,22,2018,,BrewIQ,SHU Lager
08/10/2024 06:31,17.02,0.29,5,12.2,-1.33,-1,0.19,0.08,21.7,22.056,22,2018,,BrewIQ,SHU Lager
08/10/2024 06:51,17.35,0.29,5.03,12.2,-1.33,-1,0.19,0.08,21.7,22.056,22,2021,,BrewIQ,SHU Lager
08/10/2024 07:11,17.68,0.29,5,12.1,-0.5,-0.33,0.21,0.08,21.7,22.056,22,2021,,BrewIQ,SHU Lager
08/10/2024 07:31,18.02,0.29,4.99,12.1,-0.5,-0.33,0.21,0.08,21.7,22.056,22,2025,,BrewIQ,SHU Lager
08/10/2024 07:51,18.35,0.29,4.97,12.1,-0.5,-0.33,0.21,0.08,21.7,22.056,22,2026,,BrewIQ,SHU Lager
08/10/2024 08:11,18.68,0.28,4.99,12.1,-0.5,-0.33,0.21,0.08,21.8,22.156,22,2028,,BrewIQ,SHU Lager
08/10/2024 08:31,19.02,0.28,4.95,12.1,-0.5,-0.33,0.22,0.08,21.8,22.156,22,2031,,BrewIQ,SHU Lager
08/10/2024 08:51,19.35,0.29,4.94,12.1,-0.5,-0.33,0.22,0.08,21.8,22.156,22,2033,,BrewIQ,SHU Lager
08/10/2024 09:11,19.68,0.28,4.93,12.1,-0.5,-0.33,0.23,0.08,21.8,22.156,22,2034,,BrewIQ,SHU Lager
08/10/2024 09:31,20.02,0.28,4.91,12.1,-0.5,-0.33,0.23,0.08,21.9,22.256,22,2032,,BrewIQ,SHU Lager
08/10/2024 09:51,20.35,0.28,4.94,12.1,-0.5,-0.33,0.25,0.08,21.9,22.256,22,2031,,BrewIQ,SHU Lager
08/10/2024 10:11,20.68,0.28,4.92,12.1,-0.5,-0.33,0.25,0.08,21.9,22.256,22,2033,,BrewIQ,SHU Lager
08/10/2024 10:31,21.02,0.28,4.91,12.2,-1.33,-1,0.26,0.08,21.9,22.256,22,2031,,BrewIQ,SHU Lager
08/10/2024 10:51,21.35,0.28,4.92,12.2,-1.33,-1,0.28,0.08,22,22.356,22,2034,,BrewIQ,SHU Lager
08/10/2024 11:11,21.68,0.28,4.93,12.1,-0.5,-0.33,0.29,0.08,22,22.356,22,2031,,BrewIQ,SHU Lager
08/10/2024 11:31,22.02,0.28,4.92,12.1,-0.5,-0.33,0.29,0.08,22,22.356,22,2034,,BrewIQ,SHU Lager
08/10/2024 11:51,22.35,0.28,4.88,12,0.33,0.33,0.3,0.08,22.1,22.456,23,2031,,BrewIQ,SHU Lager
08/10/2024 12:11,22.68,0.28,4.92,12,0.33,0.33,0.32,0.08,22.1,22.456,23,2033,,BrewIQ,SHU Lager
08/10/2024 12:31,23.02,0.28,4.91,12,0.33,0.33,0.32,0.08,22.1,22.456,23,2029,,BrewIQ,SHU Lager
08/10/2024 12:51,23.35,0.28,4.87,12,0.33,0.33,0.33,0.08,22.2,22.556,23,2031,,BrewIQ,SHU Lager
08/10/2024 13:11,23.68,0.28,4.87,12,0.33,0.33,0.35,0.08,22.2,22.556,23,2029,,BrewIQ,SHU Lager
08/10/2024 13:31,24.02,0.28,4.89,12,0.33,0.33,0.36,0.08,22.2,22.556,23,2039,,BrewIQ,SHU Lager
08/10/2024 13:51,24.35,0.28,4.89,12,0.33,0.33,0.37,0.08,22.3,22.656,23,2035,,BrewIQ,SHU Lager
08/10/2024 14:11,24.68,0.28,4.88,12,0.33,0.33,0.37,0.08,22,22.356,23,2034,,BrewIQ,SHU Lager
08/10/2024 14:31,25.02,0.28,4.92,12,0.33,0.33,0.39,0.08,22,22.356,23,2042,,BrewIQ,SHU Lager
08/10/2024 14:51,25.35,0.28,4.88,11.9,1.16,1,0.4,0.08,22,22.356,23,2046,,BrewIQ,SHU Lager
08/10/2024 15:11,25.68,0.28,4.88,11.9,1.16,1,0.41,0.08,22,22.356,23,2046,,BrewIQ,SHU Lager
08/10/2024 15:31,26.02,0.28,4.9,11.9,1.16,1,0.43,0.08,22.1,22.456,23,2051,,BrewIQ,SHU Lager
08/10/2024 15:51,26.35,0.28,4.89,11.9,1.16,1,0.44,0.08,22.1,22.456,23,2049,,BrewIQ,SHU Lager
08/10/2024 16:11,26.68,0.28,4.88,12,0.33,0.33,0.46,0.08,22.1,22.456,23,2051,,BrewIQ,SHU Lager
08/10/2024 16:31,27.02,0.28,4.92,11.8,1.99,1.74,0.47,0.08,22.2,22.556,23,2050,,BrewIQ,SHU Lager
08/10/2024 16:51,27.35,0.28,4.87,11.8,1.99,1.74,0.5,0.08,22.2,22.556,23,2054,,BrewIQ,SHU Lager
08/10/2024 17:11,27.68,0.28,4.91,11.8,1.99,1.74,0.51,0.08,22.3,22.656,23,2056,,BrewIQ,SHU Lager
08/10/2024 17:31,28.02,0.28,4.88,11.7,2.82,2.57,0.54,0.08,22.3,22.656,23,2055,,BrewIQ,SHU Lager
08/10/2024 17:51,28.35,0.28,4.87,11.7,2.82,2.57,0.55,0.08,21.9,22.256,23,2038,,BrewIQ,SHU Lager
08/10/2024 18:11,28.68,0.28,4.92,11.7,2.82,2.57,0.55,0.08,21.9,22.256,23,2053,,BrewIQ,SHU Lager
08/10/2024 18:31,29.02,0.28,4.92,11.6,3.65,3.24,0.57,0.08,22,22.356,23,2055,,BrewIQ,SHU Lager
08/10/2024 18:51,29.35,0.28,4.91,11.5,4.49,3.9,0.59,0.08,22,22.356,23,2055,,BrewIQ,SHU Lager
08/10/2024 19:11,29.68,0.28,4.92,11.5,4.49,3.9,0.61,0.08,22.1,22.456,23,2056,,BrewIQ,SHU Lager
08/10/2024 19:31,30.02,0.28,4.9,11.5,4.49,3.9,0.62,0.08,22.1,22.456,23,2058,,BrewIQ,SHU Lager
08/10/2024 19:51,30.35,0.28,4.92,11.4,5.32,4.65,0.65,0.08,22.2,22.556,23,2059,,BrewIQ,SHU Lager
08/10/2024 20:11,30.68,0.28,4.92,11.4,5.32,4.65,0.67,0.08,22.2,22.556,23,2056,,BrewIQ,SHU Lager
08/10/2024 20:31,31.02,0.28,4.91,11.4,5.32,4.65,0.69,0.08,22.2,22.556,23,2056,,BrewIQ,SHU Lager
08/10/2024 20:51,31.35,0.28,4.9,11.3,6.15,5.32,0.72,0.08,22.3,22.656,23,2060,,BrewIQ,SHU Lager
08/10/2024 21:11,31.68,0.28,4.9,11.3,6.15,5.32,0.74,0.08,21.9,22.256,23,2029,,BrewIQ,SHU Lager
08/10/2024 21:31,32.02,0.28,4.91,11.2,6.98,6.15,0.77,0.08,21.9,22.256,23,2053,,BrewIQ,SHU Lager
08/10/2024 21:51,32.35,0.28,4.91,11.2,6.98,6.15,0.78,0.08,22,22.356,23,2054,,BrewIQ,SHU Lager
08/10/2024 22:11,32.68,0.28,4.93,11.3,6.15,5.32,0.8,0.08,22,22.356,23,2054,,BrewIQ,SHU Lager
08/10/2024 22:31,33.02,0.27,4.93,11.3,6.15,5.32,0.83,0.08,22.1,22.456,23,2039,,BrewIQ,SHU Lager
08/10/2024 22:51,33.35,0.28,4.89,11.2,6.98,6.15,0.87,0.08,22.1,22.456,23,2051,,BrewIQ,SHU Lager
08/10/2024 23:11,33.68,0.28,4.95,11.1,7.81,6.73,0.88,0.08,22.2,22.556,23,2057,,BrewIQ,SHU Lager
08/10/2024 23:31,34.02,0.28,4.93,11.1,7.81,6.73,0.91,0.08,22.2,22.556,23,2059,,BrewIQ,SHU Lager
08/10/2024 23:51,34.35,0.28,4.91,11,8.64,7.39,0.93,0.08,22.3,22.656,23,2058,,BrewIQ,SHU Lager
08/11/2024 00:11,34.68,0.28,4.9,11,8.64,7.39,0.96,0.08,21.9,22.256,23,2040,,BrewIQ,SHU Lager
08/11/2024 00:31,35.02,0.28,4.92,10.9,9.47,8.22,0.98,0.08,21.9,22.256,23,2054,,BrewIQ,SHU Lager
08/11/2024 00:51,35.35,0.28,4.94,10.9,9.47,8.22,1,0.08,22,22.356,23,2052,,BrewIQ,SHU Lager
08/11/2024 01:11,35.68,0.28,4.9,10.8,10.3,8.89,1.03,0.08,22.1,22.456,23,2056,,BrewIQ,SHU Lager
08/11/2024 01:31,36.02,0.27,4.96,10.7,11.13,9.47,1.07,0.08,22.1,22.456,23,2058,,BrewIQ,SHU Lager
08/11/2024 01:51,36.35,0.28,4.91,10.7,11.13,9.47,1.1,0.08,22.2,22.556,23,2060,,BrewIQ,SHU Lager
08/11/2024 02:11,36.68,0.27,4.91,10.6,11.96,10.3,1.13,0.08,22.2,22.556,23,2062,,BrewIQ,SHU Lager
08/11/2024 02:31,37.02,0.28,4.92,10.6,11.96,10.3,1.17,0.08,22.3,22.656,23,2056,,BrewIQ,SHU Lager
08/11/2024 02:51,37.35,0.28,4.92,10.5,12.79,10.96,1.18,0.08,21.9,22.256,23,2046,,BrewIQ,SHU Lager
08/11/2024 03:11,37.68,0.28,4.92,10.4,13.62,11.71,1.23,0.08,22,22.356,23,2056,,BrewIQ,SHU Lager
08/11/2024 03:31,38.02,0.27,4.91,10.4,13.62,11.71,1.25,0.08,22,22.356,23,2053,,BrewIQ,SHU Lager
08/11/2024 03:51,38.35,0.28,4.94,10.4,13.62,11.71,1.29,0.08,22.1,22.456,23,2054,,BrewIQ,SHU Lager
08/11/2024 04:11,38.68,0.27,4.92,10.3,14.45,12.38,1.32,0.08,22.1,22.456,23,2055,,BrewIQ,SHU Lager
08/11/2024 04:31,39.02,0.27,4.91,10.3,14.45,12.38,1.34,0.08,22.2,22.556,23,2058,,BrewIQ,SHU Lager
08/11/2024 04:51,39.35,0.28,4.94,10.2,15.28,13.04,1.37,0.08,22.3,22.656,23,2056,,BrewIQ,SHU Lager
08/11/2024 05:11,39.68,0.28,4.96,10.1,16.11,13.87,1.4,0.08,21.9,22.256,23,2039,,BrewIQ,SHU Lager
08/11/2024 05:31,40.02,0.28,4.91,10.1,16.11,13.87,1.42,0.08,22,22.356,23,2052,,BrewIQ,SHU Lager
08/11/2024 05:51,40.35,0.28,4.91,10,16.94,14.45,1.44,0.08,22,22.356,23,2051,,BrewIQ,SHU Lager
08/11/2024 06:11,40.68,0.27,4.93,10,16.94,14.45,1.49,0.08,22.1,22.456,23,2053,,BrewIQ,SHU Lager
08/11/2024 06:31,41.02,0.27,4.91,9.9,17.77,15.28,1.53,0.08,22.1,22.456,23,2052,,BrewIQ,SHU Lager
08/11/2024 06:51,41.35,0.27,4.94,9.9,17.77,15.28,1.56,0.08,22.2,22.556,23,2052,,BrewIQ,SHU Lager
08/11/2024 07:11,41.68,0.28,4.93,9.8,18.6,15.95,1.6,0.08,22,22.356,23,2034,,BrewIQ,SHU Lager
08/11/2024 07:31,42.02,0.27,4.95,9.8,18.6,15.95,1.63,0.08,21.9,22.256,23,2041,,BrewIQ,SHU Lager
08/11/2024 07:51,42.35,0.28,4.92,9.7,19.44,16.78,1.67,0.08,22,22.356,23,2044,,BrewIQ,SHU Lager
08/11/2024 08:11,42.68,0.28,4.93,9.7,19.44,16.78,1.68,0.08,22.1,22.456,23,2048,,BrewIQ,SHU Lager
08/11/2024 08:31,43.02,0.27,4.95,9.6,20.27,17.19,1.72,0.08,22.1,22.456,23,2046,,BrewIQ,SHU Lager
08/11/2024 08:51,43.35,0.27,4.95,9.6,20.27,17.19,1.76,0.08,22.2,22.556,23,2050,,BrewIQ,SHU Lager
08/11/2024 09:11,43.68,0.27,4.93,9.6,20.27,17.19,1.79,0.08,22.2,22.556,23,2049,,BrewIQ,SHU Lager
08/11/2024 09:31,44.02,0.27,4.92,9.5,21.1,18.02,1.82,0.08,21.9,22.256,23,2034,,BrewIQ,SHU Lager
08/11/2024 09:51,44.35,0.27,4.95,9.4,21.93,18.69,1.86,0.08,22,22.356,23,2045,,BrewIQ,SHU Lager
08/11/2024 10:11,44.68,0.27,4.89,9.3,22.76,19.52,1.88,0.08,22.1,22.456,23,2042,,BrewIQ,SHU Lager
08/11/2024 10:31,45.02,0.27,4.95,9.3,22.76,19.52,1.92,0.08,22.1,22.456,23,2047,,BrewIQ,SHU Lager
08/11/2024 10:51,45.35,0.28,4.89,9.2,23.59,20.1,1.98,0.08,22.2,22.556,23,2051,,BrewIQ,SHU Lager
08/11/2024 11:11,45.68,0.27,4.94,9.2,23.59,20.1,2.01,0.08,22.3,22.656,23,2053,,BrewIQ,SHU Lager
08/11/2024 11:31,46.02,0.28,4.91,9.1,24.42,20.93,2.02,0.07,22,22.356,23,2045,,BrewIQ,SHU Lager
08/11/2024 11:51,46.35,0.27,4.91,9,25.25,21.59,2.06,0.08,22,22.356,23,2043,,BrewIQ,SHU Lager
08/11/2024 12:11,46.68,0.28,4.95,9,25.25,21.59,2.1,0.08,22.1,22.456,23,2052,,BrewIQ,SHU Lager
08/11/2024 12:31,47.02,0.28,4.94,8.9,26.08,22.09,2.14,0.08,22.2,22.556,23,2048,,BrewIQ,SHU Lager
08/11/2024 12:51,47.35,0.27,4.91,8.8,26.91,22.84,2.17,0.08,22.3,22.656,23,2049,,BrewIQ,SHU Lager
08/11/2024 13:11,47.68,0.27,4.95,8.8,26.91,22.84,2.21,0.08,22,22.356,23,2024,,BrewIQ,SHU Lager
08/11/2024 13:31,48.02,0.27,4.9,8.7,27.74,23.5,2.23,0.08,22,22.356,23,2039,,BrewIQ,SHU Lager
08/11/2024 13:51,48.35,0.27,4.94,8.7,27.74,23.5,2.27,0.08,22.1,22.456,23,2043,,BrewIQ,SHU Lager
08/11/2024 14:11,48.68,0.28,4.92,8.6,28.57,24.34,2.31,0.08,22.2,22.556,23,2040,,BrewIQ,SHU Lager
08/11/2024 14:31,49.02,0.28,4.92,8.6,28.57,24.34,2.34,0.08,22.3,22.656,24,2031,,BrewIQ,SHU Lager
08/11/2024 14:51,49.35,0.28,4.94,8.5,29.4,24.92,2.38,0.08,22.2,22.556,24,2034,,BrewIQ,SHU Lager
08/11/2024 15:11,49.68,0.28,4.91,8.4,30.23,25.75,2.41,0.08,22,22.356,24,2028,,BrewIQ,SHU Lager
08/11/2024 15:31,50.02,0.27,4.95,8.3,31.06,26.41,2.45,0.08,22.1,22.456,24,2036,,BrewIQ,SHU Lager
08/11/2024 15:51,50.35,0.27,4.89,8.3,31.06,26.41,2.5,0.08,22.2,22.556,24,2029,,BrewIQ,SHU Lager
08/11/2024 16:11,50.68,0.27,4.91,8.2,31.89,27.08,2.53,0.08,22.3,22.656,24,2031,,BrewIQ,SHU Lager
08/11/2024 16:31,51.02,0.27,4.88,8.1,32.72,27.66,2.57,0.08,22,22.356,24,2012,,BrewIQ,SHU Lager
08/11/2024 16:51,51.35,0.28,4.92,8.1,32.72,27.66,2.6,0.08,22.1,22.456,24,2018,,BrewIQ,SHU Lager
08/11/2024 17:11,51.68,0.28,4.92,8,33.55,28.32,2.65,0.08,22.2,22.556,24,2021,,BrewIQ,SHU Lager
08/11/2024 17:31,52.02,0.28,4.93,7.9,34.39,28.99,2.69,0.08,22.2,22.556,24,2017,,BrewIQ,SHU Lager
08/11/2024 17:51,52.35,0.28,4.89,7.9,34.39,28.99,2.71,0.08,22.3,22.656,24,2023,,BrewIQ,SHU Lager
08/11/2024 18:11,52.68,0.27,4.91,7.8,35.22,29.82,2.75,0.07,22,22.356,24,2011,,BrewIQ,SHU Lager
08/11/2024 18:31,53.02,0.28,4.92,7.7,36.05,30.56,2.79,0.08,22.1,22.456,24,2025,,BrewIQ,SHU Lager
08/11/2024 18:51,53.35,0.27,4.9,7.7,36.05,30.56,2.85,0.08,22.2,22.556,24,2015,,BrewIQ,SHU Lager
08/11/2024 19:11,53.68,0.28,4.88,7.5,37.71,31.89,2.9,0.08,22.3,22.656,24,2017,,BrewIQ,SHU Lager
08/11/2024 19:31,54.02,0.27,4.89,7.5,37.71,31.89,2.94,0.08,22.4,22.756,24,2016,,BrewIQ,SHU Lager
08/11/2024 19:51,54.35,0.27,4.94,7.4,38.54,32.48,2.97,0.08,22,22.356,24,2001,,BrewIQ,SHU Lager
08/11/2024 20:11,54.68,0.27,4.93,7.4,38.54,32.48,3.01,0.08,22.1,22.456,24,2009,,BrewIQ,SHU Lager
08/11/2024 20:31,55.02,0.27,4.88,7.2,40.2,33.97,4.98,0.07,22.9,23.256,24,2020,,BrewIQ,SHU Lager
08/11/2024 20:51,55.35,0.28,4.93,7.2,40.2,33.97,3.09,0.08,22.3,22.656,24,1992,,BrewIQ,SHU Lager
08/11/2024 21:11,55.68,0.27,4.89,7.2,40.2,33.97,3.11,0.08,22.3,22.656,24,2009,,BrewIQ,SHU Lager
08/11/2024 21:31,56.02,0.28,4.93,7.1,41.03,34.63,3.15,0.08,22,22.356,24,1995,,BrewIQ,SHU Lager
08/11/2024 21:51,56.35,0.27,4.87,7,41.86,35.22,3.21,0.08,22.1,22.456,23,1997,,BrewIQ,SHU Lager
08/11/2024 22:11,56.68,0.27,4.92,6.9,42.69,35.88,3.26,0.08,22.2,22.556,23,1996,,BrewIQ,SHU Lager
08/11/2024 22:31,57.02,0.27,4.92,6.8,43.52,36.54,3.28,0.08,22.3,22.656,23,2002,,BrewIQ,SHU Lager
08/11/2024 22:51,57.35,0.28,4.86,6.8,43.52,36.54,3.32,0.08,22,22.356,24,1981,,BrewIQ,SHU Lager
08/11/2024 23:11,57.68,0.27,4.91,6.7,44.35,37.38,3.36,0.08,22,22.356,23,1986,,BrewIQ,SHU Lager
08/11/2024 23:31,58.02,0.28,4.9,6.6,45.18,38.12,3.4,0.07,22.1,22.456,23,1983,,BrewIQ,SHU Lager
08/11/2024 23:51,58.35,0.28,4.88,6.6,45.18,38.12,3.46,0.08,22.2,22.556,23,1980,,BrewIQ,SHU Lager
08/12/2024 00:11,58.68,0.28,4.91,6.4,46.84,39.45,3.51,0.08,22.3,22.656,23,1981,,BrewIQ,SHU Lager
08/12/2024 00:31,59.02,0.28,4.89,6.3,47.67,40.12,3.54,0.08,21.9,22.256,23,1968,,BrewIQ,SHU Lager
08/12/2024 00:51,59.35,0.27,4.87,6.4,46.84,39.45,3.57,0.07,22,22.356,23,1969,,BrewIQ,SHU Lager
08/12/2024 01:11,59.68,0.27,4.89,6.2,48.5,40.7,3.61,0.08,22.1,22.456,22,1967,,BrewIQ,SHU Lager
08/12/2024 01:31,60.02,0.27,4.87,6.1,49.34,41.53,3.68,0.08,22.1,22.456,22,1966,,BrewIQ,SHU Lager
08/12/2024 01:51,60.35,0.28,4.88,6.1,49.34,41.53,3.71,0.08,22.2,22.556,22,1967,,BrewIQ,SHU Lager
08/12/2024 02:11,60.68,0.28,4.86,5.9,51,42.86,3.73,0.08,22,22.356,22,1954,,BrewIQ,SHU Lager
08/12/2024 02:31,61.02,0.28,4.82,6,50.17,42.19,3.77,0.08,21.9,22.256,22,1958,,BrewIQ,SHU Lager
08/12/2024 02:51,61.35,0.28,4.87,5.8,51.83,43.6,3.82,0.08,22,22.356,22,1962,,BrewIQ,SHU Lager
08/12/2024 03:11,61.68,0.27,4.85,5.7,52.66,44.27,3.86,0.08,22.1,22.456,22,1960,,BrewIQ,SHU Lager
08/12/2024 03:31,62.02,0.28,4.84,5.8,51.83,43.6,3.89,0.08,22.1,22.456,22,1957,,BrewIQ,SHU Lager
08/12/2024 03:51,62.35,0.27,4.84,5.6,53.49,44.93,3.94,0.08,22.2,22.556,22,1958,,BrewIQ,SHU Lager
08/12/2024 04:11,62.68,0.27,4.84,5.5,54.32,45.51,3.97,0.08,21.8,22.156,22,1941,,BrewIQ,SHU Lager
08/12/2024 04:31,63.02,0.28,4.85,5.4,55.15,46.18,4.01,0.08,21.9,22.256,22,1940,,BrewIQ,SHU Lager
08/12/2024 04:51,63.35,0.28,4.83,5.3,55.98,46.84,4.05,0.08,21.9,22.256,22,1948,,BrewIQ,SHU Lager
08/12/2024 05:11,63.68,0.28,4.84,5.3,55.98,46.84,4.08,0.08,22,22.356,22,1946,,BrewIQ,SHU Lager
08/12/2024 05:31,64.02,0.27,4.85,5.2,56.81,47.51,4.12,0.08,22.1,22.456,22,1944,,BrewIQ,SHU Lager
08/12/2024 05:51,64.35,0.27,4.83,5.1,57.64,48.09,4.16,0.07,22.1,22.456,22,1947,,BrewIQ,SHU Lager
08/12/2024 06:11,64.68,0.27,4.83,5,58.47,48.92,4.22,0.08,22.2,22.556,22,1948,,BrewIQ,SHU Lager
08/12/2024 06:31,65.02,0.28,4.81,5.5,54.32,45.51,4.23,0.07,21.9,22.256,22,1923,,BrewIQ,SHU Lager
08/12/2024 06:51,65.35,0.28,4.82,5.1,57.64,48.09,4.27,0.08,21.9,22.256,22,1942,,BrewIQ,SHU Lager
08/12/2024 07:11,65.68,0.28,4.82,4.9,59.3,49.58,4.29,0.07,22,22.356,22,1940,,BrewIQ,SHU Lager
08/12/2024 07:31,66.02,0.28,4.8,5.2,56.81,47.51,4.35,0.08,21.9,22.256,22,1937,,BrewIQ,SHU Lager
08/12/2024 07:51,66.35,0.28,4.83,4.9,59.3,49.58,4.36,0.08,22,22.356,22,1939,,BrewIQ,SHU Lager
08/12/2024 08:11,66.68,0.28,4.84,5.1,57.64,48.09,4.41,0.08,22,22.356,21,1936,,BrewIQ,SHU Lager
08/12/2024 08:31,67.02,0.28,4.82,4.6,61.79,51.5,4.44,0.07,22.1,22.456,21,1938,,BrewIQ,SHU Lager
08/12/2024 08:51,67.35,0.28,4.8,4.8,60.13,50.25,4.47,0.08,22.1,22.456,21,1939,,BrewIQ,SHU Lager
08/12/2024 09:11,67.68,0.28,4.81,4.5,62.62,52.33,4.49,0.08,21.7,22.056,21,1917,,BrewIQ,SHU Lager
08/12/2024 09:31,68.02,0.28,4.78,5,58.47,48.92,4.53,0.08,21.8,22.156,21,1931,,BrewIQ,SHU Lager
08/12/2024 09:51,68.35,0.28,4.8,4.3,64.29,53.57,4.55,0.07,21.8,22.156,21,1931,,BrewIQ,SHU Lager
08/12/2024 10:11,68.68,0.28,4.77,4.3,64.29,53.57,4.59,0.08,21.8,22.156,21,1929,,BrewIQ,SHU Lager
08/12/2024 10:31,69.02,0.28,4.8,4.2,65.12,54.24,4.63,0.08,21.9,22.256,21,1926,,BrewIQ,SHU Lager
08/12/2024 10:51,69.35,0.28,4.84,4.1,65.95,54.9,4.67,0.08,21.9,22.256,21,1932,,BrewIQ,SHU Lager
08/12/2024 11:11,69.68,0.28,4.8,4.1,65.95,54.9,4.69,0.08,21.9,22.256,21,1937,,BrewIQ,SHU Lager
08/12/2024 11:31,70.02,0.28,4.79,4,66.78,55.73,4.72,0.08,22,22.356,21,1926,,BrewIQ,SHU Lager
08/12/2024 11:51,70.35,0.28,4.8,4,66.78,55.73,4.76,0.07,22,22.356,21,1933,,BrewIQ,SHU Lager
08/12/2024 12:11,70.68,0.28,4.78,3.9,67.61,56.31,4.79,0.08,22.1,22.456,21,1934,,BrewIQ,SHU Lager
08/12/2024 12:31,71.02,0.28,4.81,3.9,67.61,56.31,4.81,0.08,22.1,22.456,21,1916,,BrewIQ,SHU Lager
08/12/2024 12:51,71.35,0.28,4.79,3.8,68.44,56.98,4.82,0.08,21.7,22.056,21,1917,,BrewIQ,SHU Lager
08/12/2024 13:11,71.68,0.28,4.81,3.7,69.27,57.64,4.88,0.07,21.7,22.056,21,1927,,BrewIQ,SHU Lager
08/12/2024 13:31,72.02,0.28,4.83,3.7,69.27,57.64,4.88,0.08,21.7,22.056,21,1926,,BrewIQ,SHU Lager
08/12/2024 13:51,72.35,0.28,4.79,3.7,69.27,57.64,4.9,0.08,21.8,22.156,21,1925,,BrewIQ,SHU Lager
08/12/2024 14:11,72.68,0.28,4.78,3.6,70.1,58.31,4.93,0.08,21.8,22.156,21,1925,,BrewIQ,SHU Lager
08/12/2024 14:31,73.02,0.28,4.83,3.6,70.1,58.31,4.95,0.08,21.8,22.156,21,1931,,BrewIQ,SHU Lager
08/12/2024 14:51,73.35,0.28,4.8,3.5,70.93,58.89,4.97,0.08,21.8,22.156,21,1934,,BrewIQ,SHU Lager
08/12/2024 15:11,73.68,0.28,4.8,3.5,70.93,58.89,4.99,0.08,21.8,22.156,21,1927,,BrewIQ,SHU Lager
08/12/2024 15:31,74.02,0.28,4.77,3.5,70.93,58.89,5.02,0.08,21.8,22.156,21,1929,,BrewIQ,SHU Lager
08/12/2024 15:51,74.35,0.28,4.83,3.4,71.76,59.72,5.03,0.08,21.8,22.156,21,1928,,BrewIQ,SHU Lager
08/12/2024 16:11,74.68,0.28,4.81,3.4,71.76,59.72,5.06,0.08,21.9,22.256,21,1929,,BrewIQ,SHU Lager
08/12/2024 16:31,75.02,0.28,4.82,3.3,72.59,60.38,5.07,0.08,21.9,22.256,21,1934,,BrewIQ,SHU Lager
08/12/2024 16:51,75.35,0.28,4.77,3.3,72.59,60.38,5.08,0.07,21.9,22.256,21,1934,,BrewIQ,SHU Lager
08/12/2024 17:11,75.68,0.28,4.79,3.3,72.59,60.38,5.09,0.08,21.9,22.256,21,1938,,BrewIQ,SHU Lager
08/12/2024 17:31,76.02,0.28,4.83,3.3,72.59,60.38,5.11,0.08,21.9,22.256,21,1935,,BrewIQ,SHU Lager
08/12/2024 17:51,76.35,0.28,4.8,3.2,73.42,61.05,5.12,0.08,21.9,22.256,21,1935,,BrewIQ,SHU Lager
08/12/2024 18:11,76.68,0.28,4.82,3.2,73.42,61.05,5.12,0.08,21.9,22.256,21,1944,,BrewIQ,SHU Lager
08/12/2024 18:31,77.02,0.28,4.81,3.2,73.42,61.05,5.13,0.07,21.8,22.156,21,1940,,BrewIQ,SHU Lager
08/12/2024 18:51,77.35,0.28,4.78,3.2,73.42,61.05,5.13,0.08,21.9,22.256,21,1940,,BrewIQ,SHU Lager
08/12/2024 19:11,77.68,0.28,4.81,3.2,73.42,61.05,5.15,0.08,21.9,22.256,21,1946,,BrewIQ,SHU Lager
08/12/2024 19:31,78.02,0.28,4.8,3.2,73.42,61.05,5.16,0.08,21.9,22.256,21,1944,,BrewIQ,SHU Lager
08/12/2024 19:51,78.35,0.28,4.81,3.2,73.42,61.05,5.16,0.08,21.9,22.256,21,1950,,BrewIQ,SHU Lager
08/12/2024 20:11,78.68,0.28,4.8,3.1,74.25,61.63,5.17,0.07,21.9,22.256,22,1949,,BrewIQ,SHU Lager
08/12/2024 20:31,79.02,0.28,4.79,3.1,74.25,61.63,5.17,0.07,21.9,22.256,22,1948,,BrewIQ,SHU Lager
08/12/2024 20:51,79.35,0.28,4.8,3.1,74.25,61.63,5.18,0.07,21.9,22.256,22,1951,,BrewIQ,SHU Lager
08/12/2024 21:11,79.68,0.28,4.8,3.1,74.25,61.63,5.18,0.08,21.9,22.256,22,1949,,BrewIQ,SHU Lager
08/12/2024 21:31,80.02,0.28,4.8,3.1,74.25,61.63,5.18,0.08,21.9,22.256,22,1953,,BrewIQ,SHU Lager
08/12/2024 21:51,80.35,0.28,4.82,3.1,74.25,61.63,5.2,0.08,21.9,22.256,22,1960,,BrewIQ,SHU Lager
08/12/2024 22:11,80.68,0.28,4.81,3.1,74.25,61.63,5.2,0.08,21.9,22.256,22,1958,,BrewIQ,SHU Lager
08/12/2024 22:31,81.02,0.28,4.81,3.1,74.25,61.63,5.2,0.07,21.9,22.256,22,1957,,BrewIQ,SHU Lager
08/12/2024 22:51,81.35,0.28,4.8,3.1,74.25,61.63,5.21,0.08,21.9,22.256,22,1958,,BrewIQ,SHU Lager
08/12/2024 23:11,81.68,0.28,4.78,3,75.08,62.29,5.21,0.08,21.9,22.256,22,1958,,BrewIQ,SHU Lager
08/12/2024 23:31,82.02,0.28,4.82,3,75.08,62.29,5.21,0.08,21.9,22.256,22,1963,,BrewIQ,SHU Lager
08/12/2024 23:51,82.35,0.28,4.78,3,75.08,62.29,5.21,0.07,21.9,22.256,22,1960,,BrewIQ,SHU Lager
08/13/2024 00:11:00,82.68,0.28,4.8,3,75.08,62.29,5.22,0.08,21.9,22.256,22,1958,,BrewIQ,SHU Lager
08/13/2024 00:31:00,83.02,0.28,4.81,3,75.08,62.29,5.22,0.08,21.8,22.156,22,1958,,BrewIQ,SHU Lager
08/13/2024 00:51:00,83.35,0.28,4.81,3,75.08,62.29,5.22,0.07,21.8,22.156,22,1961,,BrewIQ,SHU Lager
08/13/2024 01:11:00,83.68,0.28,4.78,3,75.08,62.29,5.22,0.08,21.8,22.156,22,1962,,BrewIQ,SHU Lager
08/13/2024 01:31:00,84.02,0.28,4.82,3,75.08,62.29,5.22,0.07,21.8,22.156,22,1964,,BrewIQ,SHU Lager
08/13/2024 01:51:00,84.35,0.28,4.78,3,75.08,62.29,5.23,0.08,21.8,22.156,22,1966,,BrewIQ,SHU Lager
08/13/2024 02:11:00,84.68,0.28,4.82,3,75.08,62.29,5.23,0.08,21.8,22.156,22,1970,,BrewIQ,SHU Lager
08/13/2024 02:31:00,85.02,0.28,4.79,3,75.08,62.29,5.23,0.08,21.8,22.156,22,1962,,BrewIQ,SHU Lager
08/13/2024 02:51:00,85.35,0.28,4.82,3,75.08,62.29,5.23,0.07,21.8,22.156,22,1967,,BrewIQ,SHU Lager
08/13/2024 03:11:00,85.68,0.28,4.8,3,75.08,62.29,5.23,0.07,21.8,22.156,22,1969,,BrewIQ,SHU Lager
08/13/2024 03:31:00,86.02,0.28,4.8,3,75.08,62.29,5.25,0.07,21.8,22.156,22,1963,,BrewIQ,SHU Lager
08/13/2024 03:51:00,86.35,0.28,4.82,3,75.08,62.29,5.23,0.08,21.8,22.156,22,1971,,BrewIQ,SHU Lager
08/13/2024 04:11:00,86.68,0.28,4.8,3,75.08,62.29,5.25,0.08,21.8,22.156,22,1965,,BrewIQ,SHU Lager
08/13/2024 04:31:00,87.02,0.28,4.78,3,75.08,62.29,5.25,0.08,21.8,22.156,22,1963,,BrewIQ,SHU Lager
08/13/2024 04:51:00,87.35,0.28,4.79,3,75.08,62.29,5.25,0.08,21.8,22.156,22,1969,,BrewIQ,SHU Lager
08/13/2024 05:11:00,87.68,0.28,4.79,3,75.08,62.29,5.25,0.07,21.8,22.156,22,1967,,BrewIQ,SHU Lager
08/13/2024 05:31:00,88.02,0.28,4.79,3,75.08,62.29,5.25,0.08,21.8,22.156,21,1968,,BrewIQ,SHU Lager
08/13/2024 05:51:00,88.35,0.28,4.78,3,75.08,62.29,5.25,0.08,21.7,22.056,21,1969,,BrewIQ,SHU Lager
08/13/2024 06:11:00,88.68,0.28,4.81,2.9,75.91,62.96,5.25,0.08,21.7,22.056,22,1967,,BrewIQ,SHU Lager
08/13/2024 06:31:00,89.02,0.28,4.8,2.9,75.91,62.96,5.26,0.08,21.7,22.056,22,1969,,BrewIQ,SHU Lager
08/13/2024 06:51:00,89.35,0.28,4.79,2.9,75.91,62.96,5.26,0.08,21.7,22.056,22,1967,,BrewIQ,SHU Lager
08/13/2024 07:11:00,89.68,0.28,4.81,2.9,75.91,62.96,5.26,0.07,21.7,22.056,22,1969,,BrewIQ,SHU Lager
08/13/2024 07:31:00,90.02,0.28,4.8,2.9,75.91,62.96,5.25,0.07,21.7,22.056,22,1966,,BrewIQ,SHU Lager
08/13/2024 07:51:00,90.35,0.28,4.77,2.9,75.91,62.96,5.26,0.07,21.6,21.956,21,1968,,BrewIQ,SHU Lager
08/13/2024 08:11:00,90.68,0.28,4.81,2.9,75.91,62.96,5.26,0.07,21.6,21.956,21,1973,,BrewIQ,SHU Lager
08/13/2024 08:31:00,91.02,0.28,4.81,2.9,75.91,62.96,5.26,0.08,21.6,21.956,21,1975,,BrewIQ,SHU Lager
08/13/2024 08:51:00,91.35,0.28,4.81,2.9,75.91,62.96,5.26,0.08,21.6,21.956,21,1971,,BrewIQ,SHU Lager
08/13/2024 09:11:00,91.68,0.28,4.81,2.9,75.91,62.96,5.26,0.08,21.6,21.956,21,1974,,BrewIQ,SHU Lager
08/13/2024 09:31:00,92.02,0.28,4.76,2.9,75.91,62.96,5.26,0.08,21.6,21.956,21,1977,,BrewIQ,SHU Lager
08/13/2024 09:51:00,92.35,0.28,4.79,2.9,75.91,62.96,5.26,0.08,21.6,21.956,21,1973,,BrewIQ,SHU Lager
08/13/2024 10:11:00,92.68,0.28,4.78,2.9,75.91,62.96,5.26,0.08,21.6,21.956,21,1974,,BrewIQ,SHU Lager
08/13/2024 10:31:00,93.02,0.28,4.8,2.9,75.91,62.96,5.26,0.07,21.6,21.956,21,1970,,BrewIQ,SHU Lager
08/13/2024 10:51:00,93.35,0.28,4.8,2.9,75.91,62.96,5.26,0.08,21.5,21.856,21,1975,,BrewIQ,SHU Lager
08/13/2024 11:11:00,93.68,0.28,4.81,2.9,75.91,62.96,5.26,0.07,21.5,21.856,21,1976,,BrewIQ,SHU Lager
08/13/2024 11:31:00,94.02,0.28,4.78,2.9,75.91,62.96,5.26,0.08,21.5,21.856,21,1978,,BrewIQ,SHU Lager
08/13/2024 11:51:00,94.35,0.28,4.79,2.9,75.91,62.96,5.27,0.08,21.5,21.856,21,1974,,BrewIQ,SHU Lager
08/13/2024 12:11:00,94.68,0.28,4.8,2.9,75.91,62.96,5.26,0.08,21.5,21.856,21,1973,,BrewIQ,SHU Lager
08/13/2024 12:31:00,95.02,0.28,4.79,2.9,75.91,62.96,5.27,0.08,21.5,21.856,21,1976,,BrewIQ,SHU Lager
08/13/2024 12:51:00,95.35,0.28,4.78,2.9,75.91,62.96,5.27,0.07,21.5,21.856,21,1972,,BrewIQ,SHU Lager
08/13/2024 13:11:00,95.68,0.28,4.76,2.9,75.91,62.96,5.27,0.08,21.4,21.756,21,1974,,BrewIQ,SHU Lager
08/13/2024 13:31:00,96.02,0.28,4.76,2.9,75.91,62.96,5.27,0.08,21.4,21.756,21,1974,,BrewIQ,SHU Lager
08/13/2024 13:51:00,96.35,0.28,4.8,2.9,75.91,62.96,5.27,0.07,21.4,21.756,21,1972,,BrewIQ,SHU Lager
08/13/2024 14:11:00,96.68,0.28,4.78,2.9,75.91,62.96,5.27,0.08,21.4,21.756,21,1974,,BrewIQ,SHU Lager
08/13/2024 14:31:00,97.02,0.28,4.77,2.9,75.91,62.96,5.27,0.08,21.4,21.756,21,1977,,BrewIQ,SHU Lager
08/13/2024 14:51:00,97.35,0.28,4.77,2.9,75.91,62.96,5.27,0.08,21.4,21.756,21,1973,,BrewIQ,SHU Lager
08/13/2024 15:11:00,97.68,0.28,4.78,2.9,75.91,62.96,5.27,0.08,21.4,21.756,21,1975,,BrewIQ,SHU Lager
08/13/2024 15:31:00,98.02,0.28,4.76,2.9,75.91,62.96,5.27,0.07,21.4,21.756,21,1976,,BrewIQ,SHU Lager
08/13/2024 15:51:00,98.35,0.28,4.78,2.9,75.91,62.96,5.27,0.08,21.3,21.656,21,1978,,BrewIQ,SHU Lager
08/13/2024 16:11:00,98.68,0.28,4.78,2.9,75.91,62.96,5.27,0.07,21.3,21.656,21,1976,,BrewIQ,SHU Lager
08/13/2024 16:31:00,99.02,0.28,4.75,2.9,75.91,62.96,5.27,0.08,21.3,21.656,21,1978,,BrewIQ,SHU Lager
08/13/2024 16:51:00,99.35,0.28,4.76,2.9,75.91,62.96,5.27,0.08,21.3,21.656,21,1977,,BrewIQ,SHU Lager
08/13/2024 17:11:00,99.68,0.28,4.76,2.9,75.91,62.96,5.27,0.08,21.3,21.656,21,1976,,BrewIQ,SHU Lager
08/13/2024 17:31:00,100.02,0.28,4.75,2.9,75.91,62.96,5.29,0.08,21.3,21.656,21,1973,,BrewIQ,SHU Lager
08/13/2024 17:51:00,100.35,0.28,4.77,2.9,75.91,62.96,5.29,0.07,21.3,21.656,21,1973,,BrewIQ,SHU Lager
08/13/2024 18:11:00,100.68,0.28,4.77,2.9,75.91,62.96,5.29,0.08,21.3,21.656,21,1974,,BrewIQ,SHU Lager
08/13/2024 18:31:00,101.02,0.28,4.79,2.9,75.91,62.96,5.29,0.08,21.2,21.556,21,1974,,BrewIQ,SHU Lager
08/13/2024 18:51:00,101.35,0.28,4.77,2.9,75.91,62.96,5.29,0.07,21.2,21.556,21,1974,,BrewIQ,SHU Lager
08/13/2024 19:11:00,101.68,0.28,4.75,2.9,75.91,62.96,5.29,0.07,21.3,21.656,21,1976,,BrewIQ,SHU Lager
08/13/2024 19:31:00,102.02,0.28,4.78,2.9,75.91,62.96,5.29,0.07,21.3,21.656,21,1975,,BrewIQ,SHU Lager
08/13/2024 19:51:00,102.35,0.28,4.79,2.9,75.91,62.96,5.29,0.08,21.3,21.656,21,1974,,BrewIQ,SHU Lager
08/13/2024 20:11:00,102.68,0.28,4.74,2.9,75.91,62.96,5.29,0.07,21.3,21.656,21,1974,,BrewIQ,SHU Lager
08/13/2024 20:31:00,103.02,0.28,4.76,2.9,75.91,62.96,5.29,0.08,21.3,21.656,21,1973,,BrewIQ,SHU Lager
08/13/2024 20:51:00,103.35,0.28,4.75,2.9,75.91,62.96,5.29,0.08,21.3,21.656,21,1975,,BrewIQ,SHU Lager
08/13/2024 21:11:00,103.68,0.28,4.77,2.9,75.91,62.96,5.3,0.08,21.3,21.656,21,1979,,BrewIQ,SHU Lager
08/13/2024 21:31:00,104.02,0.28,4.74,2.8,76.74,63.7,5.3,0.08,21.3,21.656,21,1973,,BrewIQ,SHU Lager
08/13/2024 21:51:00,104.35,0.28,4.79,2.8,76.74,63.7,5.3,0.08,21.3,21.656,21,1973,,BrewIQ,SHU Lager
08/13/2024 22:11:00,104.68,0.28,4.78,2.8,76.74,63.7,5.3,0.08,21.3,21.656,21,1977,,BrewIQ,SHU Lager
08/13/2024 22:31:00,105.02,0.28,4.79,2.8,76.74,63.7,5.3,0.08,21.3,21.656,21,1979,,BrewIQ,SHU Lager
08/13/2024 22:51:00,105.35,0.28,4.77,2.8,76.74,63.7,5.3,0.08,21.3,21.656,21,1976,,BrewIQ,SHU Lager
08/13/2024 23:11:00,105.68,0.28,4.79,2.8,76.74,63.7,5.3,0.07,21.3,21.656,21,1983,,BrewIQ,SHU Lager
08/13/2024 23:31:00,106.02,0.28,4.74,2.8,76.74,63.7,5.3,0.08,21.3,21.656,21,1977,,BrewIQ,SHU Lager
08/13/2024 23:51:00,106.35,0.28,4.79,2.8,76.74,63.7,5.3,0.08,21.3,21.656,21,1984,,BrewIQ,SHU Lager
08/14/2024 00:11:00,106.68,0.28,4.76,2.8,76.74,63.7,5.3,0.08,21.3,21.656,21,1987,,BrewIQ,SHU Lager
08/14/2024 00:31:00,107.02,0.28,4.77,2.8,76.74,63.7,5.3,0.08,21.3,21.656,21,1983,,BrewIQ,SHU Lager
08/14/2024 00:51:00,107.35,0.28,4.77,2.8,76.74,63.7,5.3,0.08,21.2,21.556,21,1984,,BrewIQ,SHU Lager
08/14/2024 01:11:00,107.68,0.28,4.76,2.8,76.74,63.7,5.3,0.08,21.3,21.656,21,1989,,BrewIQ,SHU Lager
08/14/2024 01:31:00,108.02,0.28,4.76,2.8,76.74,63.7,5.3,0.08,21.3,21.656,21,1989,,BrewIQ,SHU Lager
08/14/2024 01:51:00,108.35,0.28,4.75,2.8,76.74,63.7,5.3,0.08,21.2,21.556,21,1989,,BrewIQ,SHU Lager
08/14/2024 02:11:00,108.68,0.28,4.74,2.8,76.74,63.7,5.3,0.07,21.2,21.556,21,1988,,BrewIQ,SHU Lager
08/14/2024 02:31:00,109.02,0.28,4.74,2.8,76.74,63.7,5.3,0.07,21.2,21.556,21,1971,,BrewIQ,SHU Lager
08/14/2024 02:51:00,109.35,0.28,4.74,2.8,76.74,63.7,5.3,0.08,21.2,21.556,21,1988,,BrewIQ,SHU Lager
08/14/2024 03:11:00,109.68,0.28,4.75,2.8,76.74,63.7,5.3,0.07,21.2,21.556,21,1991,,BrewIQ,SHU Lager
08/14/2024 03:31:00,110.02,0.28,4.75,2.8,76.74,63.7,5.31,0.08,21.2,21.556,21,1986,,BrewIQ,SHU Lager
08/14/2024 03:51:00,110.35,0.28,4.78,2.8,76.74,63.7,5.31,0.08,21.2,21.556,21,1993,,BrewIQ,SHU Lager
08/14/2024 04:11:00,110.68,0.28,4.76,2.8,76.74,63.7,5.31,0.07,21.2,21.556,21,1995,,BrewIQ,SHU Lager
08/14/2024 04:31:00,111.02,0.28,4.77,2.8,76.74,63.7,5.31,0.07,21.2,21.556,21,1994,,BrewIQ,SHU Lager
08/14/2024 04:51:00,111.35,0.28,4.78,2.8,76.74,63.7,5.31,0.08,21.2,21.556,21,1990,,BrewIQ,SHU Lager
08/14/2024 05:11:00,111.68,0.28,4.74,2.8,76.74,63.7,5.31,0.08,21.2,21.556,21,1996,,BrewIQ,SHU Lager
08/14/2024 05:31:00,112.02,0.28,4.78,2.8,76.74,63.7,5.31,0.07,21.2,21.556,21,1994,,BrewIQ,SHU Lager
08/14/2024 05:51:00,112.35,0.28,4.75,2.8,76.74,63.7,5.31,0.07,21.2,21.556,21,1996,,BrewIQ,SHU Lager
08/14/2024 06:11:00,112.68,0.28,4.75,2.8,76.74,63.7,5.31,0.07,21.2,21.556,21,1997,,BrewIQ,SHU Lager
08/14/2024 06:31:00,113.02,0.28,4.75,2.8,76.74,63.7,5.31,0.08,21.2,21.556,21,1996,,BrewIQ,SHU Lager
08/14/2024 06:51:00,113.35,0.28,4.73,2.8,76.74,63.7,5.31,0.08,21.2,21.556,21,1997,,BrewIQ,SHU Lager
08/14/2024 07:11:00,113.68,0.28,4.75,2.8,76.74,63.7,5.31,0.07,21.2,21.556,21,1996,,BrewIQ,SHU Lager
08/14/2024 07:31:00,114.02,0.28,4.73,2.8,76.74,63.7,5.31,0.08,21.2,21.556,22,1993,,BrewIQ,SHU Lager
08/14/2024 07:51:00,114.35,0.28,4.73,2.8,76.74,63.7,5.31,0.08,21.2,21.556,21,1992,,BrewIQ,SHU Lager
08/14/2024 08:11:00,114.68,0.28,4.73,2.8,76.74,63.7,5.31,0.08,21.2,21.556,21,1997,,BrewIQ,SHU Lager
08/14/2024 08:31:00,115.02,0.28,4.74,2.8,76.74,63.7,5.31,0.07,21.2,21.556,21,1993,,BrewIQ,SHU Lager
08/14/2024 08:51:00,115.35,0.28,4.77,2.8,76.74,63.7,5.31,0.08,21.1,21.456,21,1999,,BrewIQ,SHU Lager
08/14/2024 09:11:00,115.68,0.28,4.75,2.8,76.74,63.7,5.31,0.08,21.1,21.456,21,1997,,BrewIQ,SHU Lager
08/14/2024 09:31:00,116.02,0.28,4.76,2.8,76.74,63.7,5.31,0.07,21.1,21.456,21,1998,,BrewIQ,SHU Lager
08/14/2024 09:51:00,116.35,0.28,4.74,2.8,76.74,63.7,5.31,0.08,21.1,21.456,21,1996,,BrewIQ,SHU Lager
08/14/2024 10:11:00,116.68,0.28,4.73,2.8,76.74,63.7,5.31,0.08,21.1,21.456,21,2000,,BrewIQ,SHU Lager
08/14/2024 10:31:00,117.02,0.28,4.77,2.8,76.74,63.7,5.31,0.07,21.1,21.456,21,2004,,BrewIQ,SHU Lager
08/14/2024 10:51:00,117.35,0.28,4.75,2.8,76.74,63.7,5.31,0.08,21.1,21.456,21,2002,,BrewIQ,SHU Lager
08/14/2024 11:11:00,117.68,0.28,4.72,2.8,76.74,63.7,5.31,0.08,21.1,21.456,21,2004,,BrewIQ,SHU Lager
08/14/2024 11:31:00,118.02,0.28,4.75,2.8,76.74,63.7,5.31,0.08,21.1,21.456,21,2001,,BrewIQ,SHU Lager
08/14/2024 11:51:00,118.35,0.28,4.74,2.8,76.74,63.7,5.31,0.08,21.1,21.456,21,2003,,BrewIQ,SHU Lager
08/14/2024 12:11:00,118.68,0.28,4.76,2.8,76.74,63.7,5.31,0.08,21.1,21.456,21,2005,,BrewIQ,SHU Lager
08/14/2024 12:31:00,119.02,0.28,4.72,2.8,76.74,63.7,5.31,0.08,21.1,21.456,21,2007,,BrewIQ,SHU Lager
08/14/2024 13:25:00,119.92,0.29,4.74,2.9,75.91,62.96,5.18,0.08,19.4,19.756,21,1761,,BrewIQ,SHU Lager
08/14/2024 13:32:00,120.03,0.29,4.77,2.9,75.91,62.96,5.22,0.07,19.6,19.956,9,2019,,BrewIQ,SHU Lager
08/14/2024 13:45:00,120.25,0.29,4.76,2.9,75.91,62.96,5.2,0.08,19.2,19.556,9,1987,,BrewIQ,SHU Lager
08/14/2024 14:05:00,120.58,0.3,4.78,2.9,75.91,62.96,5.17,0.07,18.6,18.956,8,2028,,BrewIQ,SHU Lager
08/14/2024 14:25:00,120.92,0.3,4.77,2.9,75.91,62.96,5.16,0.08,18.2,18.556,7,1982,,BrewIQ,SHU Lager
08/14/2024 14:45:00,121.25,0.31,4.77,2.9,75.91,62.96,5.16,0.07,17.8,18.156,7,1990,,BrewIQ,SHU Lager
08/14/2024 15:05:00,121.58,0.31,4.78,2.9,75.91,62.96,5.13,0.07,17.6,17.956,7,2002,,BrewIQ,SHU Lager
08/14/2024 15:25:00,121.92,0.31,4.76,2.9,75.91,62.96,5.15,0.07,17.5,17.856,6,2007,,BrewIQ,SHU Lager
08/14/2024 15:45:00,122.25,0.31,4.79,2.9,75.91,62.96,5.15,0.07,17.2,17.556,7,2009,,BrewIQ,SHU Lager
08/14/2024 16:05:00,122.58,0.31,4.78,2.9,75.91,62.96,5.12,0.07,16.9,17.256,6,2000,,BrewIQ,SHU Lager
08/14/2024 16:25:00,122.92,0.31,4.81,2.9,75.91,62.96,5.11,0.07,16.5,16.856,7,2001,,BrewIQ,SHU Lager
08/14/2024 16:45:00,123.25,0.32,4.78,2.9,75.91,62.96,5.11,0.07,16.3,16.656,6,1973,,BrewIQ,SHU Lager
08/14/2024 17:05:00,123.58,0.32,4.82,2.9,75.91,62.96,5.09,0.07,15.9,16.256,6,1973,,BrewIQ,SHU Lager
08/14/2024 17:25:00,123.92,0.32,4.75,2.9,75.91,62.96,5.09,0.07,15.8,16.156,6,1991,,BrewIQ,SHU Lager
08/14/2024 17:45:00,124.25,0.32,4.79,2.9,75.91,62.96,5.09,0.07,15.6,15.956,6,1978,,BrewIQ,SHU Lager
08/14/2024 18:05:00,124.58,0.32,4.79,2.9,75.91,62.96,5.09,0.07,15.3,15.656,6,1969,,BrewIQ,SHU Lager
08/14/2024 18:25:00,124.92,0.32,4.77,2.9,75.91,62.96,5.09,0.07,15,15.356,6,1977,,BrewIQ,SHU Lager
08/14/2024 18:45:00,125.25,0.33,4.76,2.9,75.91,62.96,5.08,0.07,14.8,15.156,6,1972,,BrewIQ,SHU Lager
08/14/2024 19:05:00,125.58,0.33,4.79,2.9,75.91,62.96,5.08,0.07,14.6,14.956,6,1984,,BrewIQ,SHU Lager
08/14/2024 19:25:00,125.92,0.33,4.82,2.9,75.91,62.96,5.08,0.07,14.4,14.756,6,1969,,BrewIQ,SHU Lager
08/14/2024 19:45:00,126.25,0.34,4.82,2.9,75.91,62.96,5.08,0.07,14.2,14.556,6,1971,,BrewIQ,SHU Lager
08/14/2024 20:05:00,126.58,0.34,4.83,2.9,75.91,62.96,5.07,0.07,14,14.356,6,1975,,BrewIQ,SHU Lager
08/14/2024 20:25:00,126.92,0.34,4.82,2.9,75.91,62.96,5.07,0.07,13.8,14.156,6,1979,,BrewIQ,SHU Lager
08/14/2024 20:45:00,127.25,0.33,4.81,2.9,75.91,62.96,5.07,0.07,13.6,13.956,6,1968,,BrewIQ,SHU Lager
08/14/2024 21:05:00,127.58,0.34,4.83,2.9,75.91,62.96,5.07,0.07,13.4,13.756,6,1928,,BrewIQ,SHU Lager
08/14/2024 21:25:00,127.92,0.34,4.8,2.9,75.91,62.96,5.07,0.07,13.4,13.756,6,1935,,BrewIQ,SHU Lager
08/14/2024 21:45:00,128.25,0.34,4.81,2.9,75.91,62.96,5.06,0.07,13.2,13.556,6,1976,,BrewIQ,SHU Lager
08/14/2024 22:05:00,128.58,0.34,4.82,2.9,75.91,62.96,5.06,0.07,13,13.356,6,1974,,BrewIQ,SHU Lager
08/14/2024 22:25:00,128.92,0.34,4.78,2.9,75.91,62.96,5.06,0.07,12.8,13.156,6,1974,,BrewIQ,SHU Lager
08/14/2024 22:45:00,129.25,0.35,4.81,2.9,75.91,62.96,5.04,0.07,12.5,12.856,6,1953,,BrewIQ,SHU Lager
08/14/2024 23:05:00,129.58,0.34,4.84,2.9,75.91,62.96,5.04,0.07,12.4,12.756,6,1942,,BrewIQ,SHU Lager
08/14/2024 23:25:00,129.92,0.34,4.81,2.9,75.91,62.96,5.04,0.07,12.2,12.556,6,1951,,BrewIQ,SHU Lager
08/14/2024 23:45:00,130.25,0.34,4.81,2.9,75.91,62.96,5.04,0.07,12.1,12.456,6,1967,,BrewIQ,SHU Lager
08/15/2024 00:05:00,130.58,0.35,4.85,2.9,75.91,62.96,5.04,0.07,12,12.356,6,1966,,BrewIQ,SHU Lager
08/15/2024 00:25:00,130.92,0.35,4.79,2.9,75.91,62.96,5.04,0.07,11.8,12.156,6,1968,,BrewIQ,SHU Lager
08/15/2024 00:45:00,131.25,0.35,4.82,2.9,75.91,62.96,5.03,0.07,11.6,11.956,6,1961,,BrewIQ,SHU Lager
08/15/2024 01:05:00,131.58,0.35,4.85,2.9,75.91,62.96,5.03,0.07,11.5,11.856,6,1949,,BrewIQ,SHU Lager
08/15/2024 01:25:00,131.92,0.35,4.86,2.9,75.91,62.96,5.03,0.07,11.4,11.756,6,1951,,BrewIQ,SHU Lager
08/15/2024 01:45:00,132.25,0.35,4.83,2.9,75.91,62.96,5.03,0.07,11.2,11.556,6,1954,,BrewIQ,SHU Lager
08/15/2024 02:05:00,132.58,0.35,4.81,2.9,75.91,62.96,5.03,0.07,11.1,11.456,6,1944,,BrewIQ,SHU Lager
08/15/2024 02:25:00,132.92,0.35,4.87,2.9,75.91,62.96,5.03,0.07,11,11.356,6,1947,,BrewIQ,SHU Lager
08/15/2024 02:45:00,133.25,0.35,4.83,2.9,75.91,62.96,5.03,0.07,10.9,11.256,6,1949,,BrewIQ,SHU Lager
08/15/2024 03:05:00,133.58,0.35,4.87,2.9,75.91,62.96,5.03,0.07,10.8,11.156,6,1949,,BrewIQ,SHU Lager
08/15/2024 03:25:00,133.92,0.35,4.82,2.9,75.91,62.96,5.03,0.07,10.7,11.056,6,1950,,BrewIQ,SHU Lager
08/15/2024 03:45:00,134.25,0.35,4.79,2.9,75.91,62.96,5.03,0.07,10.6,10.956,6,1962,,BrewIQ,SHU Lager
08/15/2024 04:05:00,134.58,0.36,4.83,2.9,75.91,62.96,5.02,0.07,10.4,10.756,6,1958,,BrewIQ,SHU Lager
08/15/2024 04:25:00,134.92,0.36,4.84,2.9,75.91,62.96,5.02,0.07,10.3,10.656,6,1962,,BrewIQ,SHU Lager
08/15/2024 04:45:00,135.25,0.36,4.85,2.9,75.91,62.96,5.02,0.07,10.2,10.556,6,1961,,BrewIQ,SHU Lager
08/15/2024 05:05:00,135.58,0.36,4.83,2.9,75.91,62.96,5.02,0.07,10.1,10.456,6,1958,,BrewIQ,SHU Lager
08/15/2024 05:25:00,135.92,0.36,4.83,2.9,75.91,62.96,5.02,0.07,10,10.356,6,1965,,BrewIQ,SHU Lager
08/15/2024 05:45:00,136.25,0.36,4.81,2.9,75.91,62.96,5.02,0.07,9.9,10.256,6,1964,,BrewIQ,SHU Lager
08/15/2024 06:05:00,136.58,0.36,4.84,2.9,75.91,62.96,5.02,0.07,9.8,10.156,6,1973,,BrewIQ,SHU Lager
08/15/2024 06:25:00,136.92,0.36,4.84,2.9,75.91,62.96,5.02,0.07,9.7,10.056,6,1996,,BrewIQ,SHU Lager
08/15/2024 06:45:00,137.25,0.37,4.8,2.9,75.91,62.96,5.02,0.07,9.6,9.956,6,2003,,BrewIQ,SHU Lager
08/15/2024 07:05:00,137.58,0.37,4.83,2.9,75.91,62.96,5.02,0.07,9.5,9.856,6,1980,,BrewIQ,SHU Lager
08/15/2024 07:25:00,137.92,0.37,4.86,2.9,75.91,62.96,5,0.07,9.4,9.756,6,1990,,BrewIQ,SHU Lager
08/15/2024 07:45:00,138.25,0.36,4.85,2.9,75.91,62.96,5,0.07,9.3,9.656,6,1981,,BrewIQ,SHU Lager
08/15/2024 08:05:00,138.58,0.37,4.83,2.9,75.91,62.96,5.02,0.07,9.2,9.556,6,1979,,BrewIQ,SHU Lager
08/15/2024 08:25:00,138.92,0.37,4.85,2.9,75.91,62.96,5.02,0.07,9.2,9.556,6,2003,,BrewIQ,SHU Lager
08/15/2024 08:45:00,139.25,0.37,4.84,2.9,75.91,62.96,5.02,0.07,9.1,9.456,6,2005,,BrewIQ,SHU Lager
08/15/2024 09:05:00,139.58,0.37,4.85,2.9,75.91,62.96,5,0.07,9,9.356,6,2008,,BrewIQ,SHU Lager
08/15/2024 09:25:00,139.92,0.37,4.88,2.9,75.91,62.96,5,0.07,9,9.356,6,1990,,BrewIQ,SHU Lager
08/15/2024 09:45:00,140.25,0.37,4.83,2.9,75.91,62.96,5,0.07,8.9,9.256,6,1989,,BrewIQ,SHU Lager
08/15/2024 10:05:00,140.58,0.37,4.89,2.9,75.91,62.96,5.02,0.07,8.8,9.156,6,1987,,BrewIQ,SHU Lager
08/15/2024 10:25:00,140.92,0.37,4.88,2.9,75.91,62.96,5,0.07,8.8,9.156,6,1994,,BrewIQ,SHU Lager
08/15/2024 10:45:00,141.25,0.37,4.85,2.9,75.91,62.96,5.02,0.07,8.9,9.256,6,2004,,BrewIQ,SHU Lager
08/15/2024 11:05:00,141.58,0.37,4.85,2.9,75.91,62.96,5.03,0.07,9,9.356,7,2005,,BrewIQ,SHU Lager
08/15/2024 11:25:00,141.92,0.37,4.87,2.9,75.91,62.96,5.03,0.07,9.1,9.456,8,2003,,BrewIQ,SHU Lager
08/15/2024 11:45:00,142.25,0.37,4.84,2.9,75.91,62.96,5.04,0.07,9.2,9.556,9,2008,,BrewIQ,SHU Lager
08/15/2024 12:05:00,142.58,0.37,4.82,2.9,75.91,62.96,5.03,0.07,9,9.356,9,2001,,BrewIQ,SHU Lager
08/15/2024 12:25:00,142.92,0.37,4.88,2.9,75.91,62.96,5.02,0.07,8.7,9.056,9,2002,,BrewIQ,SHU Lager
08/15/2024 12:45:00,143.25,0.37,4.87,2.9,75.91,62.96,5.02,0.07,8.6,8.956,7,1992,,BrewIQ,SHU Lager
08/15/2024 13:05:00,143.58,0.37,4.82,2.9,75.91,62.96,5,0.07,8.5,8.856,6,1994,,BrewIQ,SHU Lager
08/15/2024 13:25:00,143.92,0.37,4.86,2.9,75.91,62.96,5,0.07,8.5,8.856,6,1991,,BrewIQ,SHU Lager
08/15/2024 13:45:00,144.25,0.37,4.81,2.9,75.91,62.96,5,0.07,8.4,8.756,6,2009,,BrewIQ,SHU Lager
08/15/2024 14:05:00,144.58,0.38,4.84,2.9,75.91,62.96,5,0.07,8.3,8.656,6,2016,,BrewIQ,SHU Lager
08/15/2024 14:25:00,144.92,0.38,4.88,2.9,75.91,62.96,5,0.07,8.2,8.556,6,2015,,BrewIQ,SHU Lager
08/15/2024 14:45:00,145.25,0.38,4.85,2.9,75.91,62.96,5,0.07,8.2,8.556,6,2023,,BrewIQ,SHU Lager
08/15/2024 15:05:00,145.58,0.37,4.86,2.9,75.91,62.96,5,0.07,8.2,8.556,6,2019,,BrewIQ,SHU Lager
08/15/2024 15:25:00,145.92,0.37,4.82,2.9,75.91,62.96,5,0.07,8.1,8.456,6,2014,,BrewIQ,SHU Lager
08/15/2024 15:45:00,146.25,0.38,4.88,2.9,75.91,62.96,5,0.07,8.1,8.456,6,2017,,BrewIQ,SHU Lager
08/15/2024 16:05:00,146.58,0.38,4.88,2.9,75.91,62.96,5,0.07,8,8.356,6,2010,,BrewIQ,SHU Lager
08/15/2024 16:25:00,146.92,0.37,4.85,2.9,75.91,62.96,5,0.07,7.9,8.256,6,2014,,BrewIQ,SHU Lager
08/15/2024 16:45:00,147.25,0.38,4.89,2.9,75.91,62.96,5.02,0.07,8,8.356,6,2016,,BrewIQ,SHU Lager
08/15/2024 17:05:00,147.58,0.38,4.9,2.9,75.91,62.96,5.02,0.07,8.2,8.556,7,2029,,BrewIQ,SHU Lager
08/15/2024 17:25:00,147.92,0.38,4.89,2.9,75.91,62.96,5.03,0.07,8.3,8.656,8,2028,,BrewIQ,SHU Lager
08/15/2024 17:45:00,148.25,0.38,4.84,2.9,75.91,62.96,5.03,0.07,8.4,8.756,9,2028,,BrewIQ,SHU Lager
08/15/2024 18:05:00,148.58,0.37,4.82,2.9,75.91,62.96,5.04,0.07,8.4,8.756,9,2024,,BrewIQ,SHU Lager
08/15/2024 18:25:00,148.92,0.37,4.83,2.9,75.91,62.96,5.03,0.07,8.1,8.456,10,2007,,BrewIQ,SHU Lager
08/15/2024 18:45:00,149.25,0.38,4.88,2.9,75.91,62.96,5.02,0.07,8,8.356,8,2010,,BrewIQ,SHU Lager
08/15/2024 19:05:00,149.58,0.38,4.86,2.9,75.91,62.96,5,0.07,7.9,8.256,7,2021,,BrewIQ,SHU Lager
08/15/2024 19:25:00,149.92,0.38,4.89,2.9,75.91,62.96,5,0.07,7.8,8.156,6,2016,,BrewIQ,SHU Lager
08/15/2024 19:45:00,150.25,0.38,4.83,2.9,75.91,62.96,5,0.07,7.7,8.056,6,2017,,BrewIQ,SHU Lager
08/15/2024 20:05:00,150.58,0.38,4.82,2.9,75.91,62.96,5,0.07,7.7,8.056,6,2022,,BrewIQ,SHU Lager
08/15/2024 20:25:00,150.92,0.38,4.88,2.9,75.91,62.96,5,0.07,7.6,7.956,6,2023,,BrewIQ,SHU Lager
08/15/2024 20:45:00,151.25,0.38,4.86,2.9,75.91,62.96,5,0.07,7.6,7.956,6,2021,,BrewIQ,SHU Lager
08/15/2024 21:05:00,151.58,0.38,4.86,2.9,75.91,62.96,5,0.07,7.6,7.956,6,2027,,BrewIQ,SHU Lager
08/15/2024 21:25:00,151.92,0.38,4.9,2.9,75.91,62.96,5,0.07,7.5,7.856,6,2025,,BrewIQ,SHU Lager
08/15/2024 21:45:00,152.25,0.38,4.82,2.9,75.91,62.96,5,0.07,7.5,7.856,6,2023,,BrewIQ,SHU Lager
08/15/2024 22:05:00,152.58,0.38,4.85,2.9,75.91,62.96,5,0.07,7.4,7.756,6,2024,,BrewIQ,SHU Lager
08/15/2024 22:25:00,152.92,0.38,4.91,2.9,75.91,62.96,5,0.07,7.4,7.756,6,2025,,BrewIQ,SHU Lager
08/15/2024 22:45:00,153.25,0.38,4.86,2.9,75.91,62.96,5,0.07,7.4,7.756,6,2022,,BrewIQ,SHU Lager
08/15/2024 23:05:00,153.58,0.38,4.85,2.9,75.91,62.96,5,0.07,7.3,7.656,6,2023,,BrewIQ,SHU Lager
08/15/2024 23:25:00,153.92,0.38,4.89,2.9,75.91,62.96,5,0.07,7.3,7.656,6,2013,,BrewIQ,SHU Lager
08/15/2024 23:45:00,154.25,0.38,4.88,2.9,75.91,62.96,5,0.07,7.3,7.656,6,2020,,BrewIQ,SHU Lager
08/16/2024 00:05:00,154.58,0.38,4.85,2.9,75.91,62.96,5,0.07,7.3,7.656,6,2004,,BrewIQ,SHU Lager
08/16/2024 00:25:00,154.92,0.38,4.86,2.9,75.91,62.96,5,0.07,7.2,7.556,6,2001,,BrewIQ,SHU Lager
08/16/2024 00:45:00,155.25,0.38,4.88,2.9,75.91,62.96,5,0.07,7.2,7.556,6,2013,,BrewIQ,SHU Lager
08/16/2024 01:05:00,155.58,0.38,4.86,2.9,75.91,62.96,5,0.07,7.1,7.456,6,2001,,BrewIQ,SHU Lager
08/16/2024 01:25:00,155.92,0.38,4.87,2.9,75.91,62.96,5,0.07,7.1,7.456,6,2000,,BrewIQ,SHU Lager
08/16/2024 01:45:00,156.25,0.38,4.85,2.9,75.91,62.96,5,0.07,7,7.356,6,2002,,BrewIQ,SHU Lager
08/16/2024 02:05:00,156.58,0.38,4.88,2.9,75.91,62.96,5,0.07,7,7.356,6,2013,,BrewIQ,SHU Lager
08/16/2024 02:25:00,156.92,0.38,4.87,2.9,75.91,62.96,5,0.07,7,7.356,6,2004,,BrewIQ,SHU Lager
08/16/2024 02:45:00,157.25,0.38,4.85,2.9,75.91,62.96,5,0.07,6.9,7.256,6,2007,,BrewIQ,SHU Lager
08/16/2024 03:05:00,157.58,0.38,4.87,2.9,75.91,62.96,5,0.07,6.9,7.256,6,2007,,BrewIQ,SHU Lager
08/16/2024 03:25:00,157.92,0.38,4.9,2.9,75.91,62.96,5,0.07,6.9,7.256,6,2012,,BrewIQ,SHU Lager
08/16/2024 03:45:00,158.25,0.38,4.88,2.9,75.91,62.96,5,0.07,6.9,7.256,6,2013,,BrewIQ,SHU Lager
08/16/2024 04:05:00,158.58,0.38,4.87,2.9,75.91,62.96,5,0.07,6.9,7.256,6,2008,,BrewIQ,SHU Lager
08/16/2024 04:25:00,158.92,0.38,4.9,2.9,75.91,62.96,5,0.07,6.8,7.156,6,2006,,BrewIQ,SHU Lager
08/16/2024 04:45:00,159.25,0.38,4.88,2.9,75.91,62.96,5,0.07,6.8,7.156,6,2007,,BrewIQ,SHU Lager
08/16/2024 05:05:00,159.58,0.38,4.88,2.9,75.91,62.96,5,0.07,6.8,7.156,6,2001,,BrewIQ,SHU Lager
08/16/2024 05:25:00,159.92,0.38,4.91,2.9,75.91,62.96,5,0.07,6.7,7.056,6,2010,,BrewIQ,SHU Lager
08/16/2024 05:45:00,160.25,0.38,4.84,2.9,75.91,62.96,5,0.07,6.7,7.056,6,2009,,BrewIQ,SHU Lager
08/16/2024 06:05:00,160.58,0.39,4.91,2.9,75.91,62.96,5,0.07,6.7,7.056,6,2015,,BrewIQ,SHU Lager
08/16/2024 06:25:00,160.92,0.39,4.84,2.9,75.91,62.96,5,0.07,6.6,6.956,6,2011,,BrewIQ,SHU Lager
08/16/2024 06:45:00,161.25,0.39,4.87,2.9,75.91,62.96,5,0.07,6.6,6.956,6,2007,,BrewIQ,SHU Lager
08/16/2024 07:05:00,161.58,0.38,4.91,2.9,75.91,62.96,5,0.07,6.6,6.956,6,1988,,BrewIQ,SHU Lager
08/16/2024 07:25:00,161.92,0.39,4.88,2.9,75.91,62.96,5,0.07,6.6,6.956,6,1990,,BrewIQ,SHU Lager
08/16/2024 07:45:00,162.25,0.39,4.91,2.9,75.91,62.96,5,0.07,6.5,6.856,6,1993,,BrewIQ,SHU Lager
08/16/2024 08:05:00,162.58,0.39,4.85,2.9,75.91,62.96,5,0.07,6.5,6.856,6,1988,,BrewIQ,SHU Lager
08/16/2024 08:25:00,162.92,0.4,4.85,2.9,75.91,62.96,5,0.07,6.5,6.856,6,1989,,BrewIQ,SHU Lager
08/16/2024 08:45:00,163.25,0.39,4.83,2.9,75.91,62.96,5,0.07,6.5,6.856,6,2001,,BrewIQ,SHU Lager
08/16/2024 09:05:00,163.58,0.4,4.86,2.9,75.91,62.96,5,0.07,6.5,6.856,6,1989,,BrewIQ,SHU Lager
08/16/2024 09:25:00,163.92,0.39,4.91,2.9,75.91,62.96,5,0.07,6.4,6.756,6,1987,,BrewIQ,SHU Lager
08/16/2024 09:45:00,164.25,0.39,4.91,2.9,75.91,62.96,5,0.07,6.4,6.756,6,1992,,BrewIQ,SHU Lager
08/16/2024 10:05:00,164.58,0.39,4.92,2.9,75.91,62.96,5,0.07,6.4,6.756,6,1988,,BrewIQ,SHU Lager
08/16/2024 10:25:00,164.92,0.39,4.84,2.9,75.91,62.96,5,0.07,6.4,6.756,6,1985,,BrewIQ,SHU Lager
08/16/2024 10:45:00,165.25,0.39,4.88,2.9,75.91,62.96,5,0.07,6.4,6.756,6,1989,,BrewIQ,SHU Lager
08/16/2024 11:05:00,165.58,0.4,4.86,2.9,75.91,62.96,5,0.07,6.4,6.756,6,1986,,BrewIQ,SHU Lager
08/16/2024 11:25:00,165.92,0.39,4.84,2.9,75.91,62.96,5,0.07,6.3,6.656,6,1988,,BrewIQ,SHU Lager
08/16/2024 11:45:00,166.25,0.39,4.9,2.9,75.91,62.96,5.02,0.07,6.3,6.656,6,2000,,BrewIQ,SHU Lager
08/16/2024 12:05:00,166.58,0.39,4.89,2.9,75.91,62.96,5.02,0.07,6.3,6.656,6,1992,,BrewIQ,SHU Lager
08/16/2024 12:25:00,166.92,0.39,4.91,2.9,75.91,62.96,5.02,0.07,6.3,6.656,6,1991,,BrewIQ,SHU Lager
08/16/2024 12:45:00,167.25,0.39,4.86,2.9,75.91,62.96,5,0.07,6.2,6.556,6,1989,,BrewIQ,SHU Lager
08/16/2024 13:05:00,167.58,0.39,4.88,2.9,75.91,62.96,5,0.07,6.2,6.556,6,2006,,BrewIQ,SHU Lager
08/16/2024 13:25:00,167.92,0.39,4.92,2.9,75.91,62.96,5,0.07,6.2,6.556,6,2006,,BrewIQ,SHU Lager
08/16/2024 13:45:00,168.25,0.39,4.87,2.9,75.91,62.96,5,0.07,6.2,6.556,6,2004,,BrewIQ,SHU Lager
08/16/2024 14:05:00,168.58,0.4,4.92,2.9,75.91,62.96,5,0.07,6.2,6.556,6,1994,,BrewIQ,SHU Lager
08/16/2024 14:25:00,168.92,0.4,4.88,2.9,75.91,62.96,5,0.07,6.2,6.556,6,1994,,BrewIQ,SHU Lager
08/16/2024 14:45:00,169.25,0.4,4.84,2.9,75.91,62.96,5,0.07,6.1,6.456,6,1995,,BrewIQ,SHU Lager
08/16/2024 15:05:00,169.58,0.4,4.87,2.9,75.91,62.96,5,0.07,6.1,6.456,6,1994,,BrewIQ,SHU Lager
08/16/2024 15:25:00,169.92,0.4,4.88,2.9,75.91,62.96,5.02,0.07,6.1,6.456,6,2002,,BrewIQ,SHU Lager
08/16/2024 15:45:00,170.25,0.39,4.87,2.9,75.91,62.96,5,0.07,6.1,6.456,6,1988,,BrewIQ,SHU Lager
08/16/2024 16:05:00,170.58,0.39,4.87,2.9,75.91,62.96,5,0.07,6.1,6.456,6,1996,,BrewIQ,SHU Lager
08/16/2024 16:25:00,170.92,0.39,4.91,2.9,75.91,62.96,5,0.07,6.1,6.456,6,1997,,BrewIQ,SHU Lager
08/16/2024 16:45:00,171.25,0.39,4.88,2.9,75.91,62.96,5.02,0.07,6.2,6.556,6,2018,,BrewIQ,SHU Lager
08/16/2024 17:05:00,171.58,0.4,4.91,2.9,75.91,62.96,5.03,0.07,6.3,6.656,6,2013,,BrewIQ,SHU Lager
08/16/2024 17:25:00,171.92,0.39,4.85,2.9,75.91,62.96,5.03,0.07,6.4,6.756,7,2013,,BrewIQ,SHU Lager
08/16/2024 17:45:00,172.25,0.38,4.9,2.9,75.91,62.96,5.03,0.07,6.6,6.956,8,1996,,BrewIQ,SHU Lager
08/16/2024 18:05:00,172.58,0.38,4.85,2.9,75.91,62.96,5.04,0.07,6.7,7.056,9,2004,,BrewIQ,SHU Lager
08/16/2024 18:25:00,172.92,0.38,4.87,2.9,75.91,62.96,5.03,0.07,6.4,6.756,9,1973,,BrewIQ,SHU Lager
08/16/2024 18:45:00,173.25,0.39,4.88,2.9,75.91,62.96,5.02,0.07,6.4,6.756,8,1995,,BrewIQ,SHU Lager
08/16/2024 19:05:00,173.58,0.39,4.86,2.9,75.91,62.96,5.02,0.07,6.3,6.656,7,1985,,BrewIQ,SHU Lager
08/16/2024 19:25:00,173.92,0.39,4.89,2.9,75.91,62.96,5.02,0.07,6.3,6.656,6,1988,,BrewIQ,SHU Lager
08/16/2024 19:45:00,174.25,0.39,4.89,2.9,75.91,62.96,5.02,0.07,6.2,6.556,6,2004,,BrewIQ,SHU Lager
08/16/2024 20:05:00,174.58,0.39,4.9,2.9,75.91,62.96,5.02,0.07,6.2,6.556,6,1995,,BrewIQ,SHU Lager
08/16/2024 20:25:00,174.92,0.39,4.92,2.9,75.91,62.96,5.02,0.07,6.2,6.556,6,1991,,BrewIQ,SHU Lager
08/16/2024 20:45:00,175.25,0.4,4.86,2.9,75.91,62.96,5.02,0.07,6.2,6.556,6,1991,,BrewIQ,SHU Lager
08/16/2024 21:05:00,175.58,0.4,4.91,2.9,75.91,62.96,5.02,0.07,6.1,6.456,6,1993,,BrewIQ,SHU Lager
08/16/2024 21:25:00,175.92,0.4,4.9,2.9,75.91,62.96,5.02,0.07,6.1,6.456,6,2006,,BrewIQ,SHU Lager
08/16/2024 21:45:00,176.25,0.4,4.84,2.9,75.91,62.96,5.02,0.07,6.1,6.456,6,2006,,BrewIQ,SHU Lager
08/16/2024 22:05:00,176.58,0.4,4.87,2.9,75.91,62.96,5.02,0.07,6.1,6.456,6,1993,,BrewIQ,SHU Lager
08/16/2024 22:25:00,176.92,0.4,4.84,2.9,75.91,62.96,5.02,0.07,6.1,6.456,6,1991,,BrewIQ,SHU Lager
08/16/2024 22:45:00,177.25,0.39,4.88,2.9,75.91,62.96,5.02,0.07,6.1,6.456,6,1998,,BrewIQ,SHU Lager
08/16/2024 23:05:00,177.58,0.39,4.88,2.9,75.91,62.96,5.02,0.07,6.1,6.456,6,1994,,BrewIQ,SHU Lager
08/16/2024 23:25:00,177.92,0.39,4.84,2.9,75.91,62.96,5.02,0.07,6,6.356,6,2000,,BrewIQ,SHU Lager
08/16/2024 23:45:00,178.25,0.39,4.87,2.9,75.91,62.96,5.02,0.07,6,6.356,6,1993,,BrewIQ,SHU Lager
08/17/2024 00:05:00,178.58,0.39,4.92,2.9,75.91,62.96,5.02,0.07,6,6.356,6,1992,,BrewIQ,SHU Lager
08/17/2024 00:25:00,178.92,0.39,4.86,2.9,75.91,62.96,5.02,0.07,6,6.356,6,1996,,BrewIQ,SHU Lager
08/17/2024 00:45:00,179.25,0.39,4.85,2.9,75.91,62.96,5.02,0.07,6,6.356,6,2001,,BrewIQ,SHU Lager
08/17/2024 01:05:00,179.58,0.39,4.84,2.9,75.91,62.96,5.02,0.07,6,6.356,6,2002,,BrewIQ,SHU Lager
08/17/2024 01:25:00,179.92,0.39,4.85,2.9,75.91,62.96,5.02,0.07,6,6.356,6,2000,,BrewIQ,SHU Lager
08/17/2024 01:45:00,180.25,0.39,4.93,2.9,75.91,62.96,5.02,0.07,5.9,6.256,6,1992,,BrewIQ,SHU Lager
08/17/2024 02:05:00,180.58,0.4,4.91,2.9,75.91,62.96,5.02,0.07,5.9,6.256,6,1999,,BrewIQ,SHU Lager
08/17/2024 02:25:00,180.92,0.39,4.91,2.9,75.91,62.96,5.02,0.07,5.9,6.256,6,1967,,BrewIQ,SHU Lager
08/17/2024 02:45:00,181.25,0.4,4.87,2.9,75.91,62.96,5.02,0.07,5.9,6.256,6,1951,,BrewIQ,SHU Lager
08/17/2024 03:05:00,181.58,0.4,4.87,2.9,75.91,62.96,5.02,0.07,5.9,6.256,6,1952,,BrewIQ,SHU Lager
08/17/2024 03:25:00,181.92,0.4,4.93,2.9,75.91,62.96,5.02,0.07,5.9,6.256,6,1955,,BrewIQ,SHU Lager
08/17/2024 03:45:00,182.25,0.4,4.88,2.9,75.91,62.96,5.02,0.07,5.9,6.256,6,1952,,BrewIQ,SHU Lager
08/17/2024 04:05:00,182.58,0.4,4.85,2.9,75.91,62.96,5.02,0.07,5.9,6.256,6,1966,,BrewIQ,SHU Lager
08/17/2024 04:25:00,182.92,0.4,4.92,2.9,75.91,62.96,5.02,0.07,5.9,6.256,6,1968,,BrewIQ,SHU Lager
08/17/2024 04:45:00,183.25,0.4,4.85,2.9,75.91,62.96,5.02,0.07,5.9,6.256,6,1968,,BrewIQ,SHU Lager
08/17/2024 05:05:00,183.58,0.4,4.86,2.9,75.91,62.96,5.02,0.07,5.9,6.256,6,1954,,BrewIQ,SHU Lager
08/17/2024 05:25:00,183.92,0.4,4.84,2.9,75.91,62.96,5.02,0.07,5.9,6.256,6,1972,,BrewIQ,SHU Lager
08/17/2024 05:45:00,184.25,0.4,4.89,2.9,75.91,62.96,5.02,0.07,5.9,6.256,6,1951,,BrewIQ,SHU Lager
08/17/2024 06:05:00,184.58,0.4,4.88,2.9,75.91,62.96,5.02,0.07,5.9,6.256,6,1950,,BrewIQ,SHU Lager
08/17/2024 06:25:00,184.92,0.4,4.84,2.9,75.91,62.96,5.02,0.07,5.9,6.256,6,1951,,BrewIQ,SHU Lager
08/17/2024 06:45:00,185.25,0.4,4.92,2.9,75.91,62.96,5.02,0.07,5.8,6.156,6,1953,,BrewIQ,SHU Lager
08/17/2024 07:05:00,185.58,0.4,4.88,2.9,75.91,62.96,5.02,0.07,5.8,6.156,6,1956,,BrewIQ,SHU Lager
08/17/2024 07:25:00,185.92,0.4,4.91,2.9,75.91,62.96,5.02,0.07,5.8,6.156,6,1951,,BrewIQ,SHU Lager
08/17/2024 07:45:00,186.25,0.4,4.88,2.9,75.91,62.96,5.02,0.07,5.8,6.156,6,1953,,BrewIQ,SHU Lager
08/17/2024 08:05:00,186.58,0.4,4.9,2.9,75.91,62.96,5.02,0.07,5.8,6.156,6,1952,,BrewIQ,SHU Lager
08/17/2024 08:25:00,186.92,0.4,4.9,2.9,75.91,62.96,5.02,0.07,5.8,6.156,6,1954,,BrewIQ,SHU Lager
08/17/2024 08:45:00,187.25,0.39,4.93,2.9,75.91,62.96,5.02,0.07,5.8,6.156,6,1955,,BrewIQ,SHU Lager
08/17/2024 09:05:00,187.58,0.4,4.9,2.9,75.91,62.96,5.02,0.07,5.8,6.156,6,1957,,BrewIQ,SHU Lager
08/17/2024 09:25:00,187.92,0.4,4.92,2.9,75.91,62.96,5.02,0.07,5.8,6.156,6,1953,,BrewIQ,SHU Lager
08/17/2024 09:45:00,188.25,0.4,4.85,2.9,75.91,62.96,5.02,0.07,5.7,6.056,6,1964,,BrewIQ,SHU Lager
08/17/2024 10:05:00,188.58,0.4,4.86,2.9,75.91,62.96,5.02,0.07,5.7,6.056,6,1955,,BrewIQ,SHU Lager
08/17/2024 10:25:00,188.92,0.39,4.85,2.9,75.91,62.96,5.02,0.07,5.7,6.056,6,1943,,BrewIQ,SHU Lager
08/17/2024 10:45:00,189.25,0.4,4.9,2.9,75.91,62.96,5.02,0.07,5.7,6.056,6,1947,,BrewIQ,SHU Lager
08/17/2024 11:05:00,189.58,0.4,4.92,2.9,75.91,62.96,5.02,0.07,5.7,6.056,6,1950,,BrewIQ,SHU Lager
08/17/2024 11:25:00,189.92,0.4,4.9,2.9,75.91,62.96,5.02,0.07,5.7,6.056,6,1941,,BrewIQ,SHU Lager
08/17/2024 11:45:00,190.25,0.39,4.87,2.9,75.91,62.96,5.02,0.07,5.7,6.056,6,1943,,BrewIQ,SHU Lager
08/17/2024 12:05:00,190.58,0.4,4.88,2.9,75.91,62.96,5.02,0.07,5.7,6.056,6,1941,,BrewIQ,SHU Lager
08/17/2024 12:25:00,190.92,0.4,4.93,2.9,75.91,62.96,5.02,0.07,5.7,6.056,6,1943,,BrewIQ,SHU Lager
08/17/2024 12:45:00,191.25,0.4,4.88,2.9,75.91,62.96,5.02,0.07,5.7,6.056,6,1948,,BrewIQ,SHU Lager
08/17/2024 13:05:00,191.58,0.39,4.85,2.9,75.91,62.96,5.02,0.07,5.7,6.056,6,1948,,BrewIQ,SHU Lager
08/17/2024 13:25:00,191.92,0.39,4.84,2.9,75.91,62.96,5.02,0.07,5.7,6.056,6,1954,,BrewIQ,SHU Lager
08/17/2024 13:45:00,192.25,0.39,4.88,2.9,75.91,62.96,5.02,0.07,5.7,6.056,6,1943,,BrewIQ,SHU Lager
08/17/2024 14:05:00,192.58,0.39,4.93,2.9,75.91,62.96,5.02,0.07,5.7,6.056,6,1947,,BrewIQ,SHU Lager
08/17/2024 14:25:00,192.92,0.4,4.88,2.9,75.91,62.96,5.02,0.07,5.7,6.056,6,1957,,BrewIQ,SHU Lager
08/17/2024 14:45:00,193.25,0.39,4.88,2.9,75.91,62.96,5.02,0.07,5.7,6.056,6,1946,,BrewIQ,SHU Lager
08/17/2024 15:05:00,193.58,0.39,4.91,2.9,75.91,62.96,5.02,0.07,5.6,5.956,6,1958,,BrewIQ,SHU Lager
08/17/2024 15:25:00,193.92,0.39,4.85,2.9,75.91,62.96,5.02,0.07,5.6,5.956,6,1963,,BrewIQ,SHU Lager
08/17/2024 15:45:00,194.25,0.39,4.88,2.9,75.91,62.96,5.02,0.07,5.6,5.956,6,1960,,BrewIQ,SHU Lager
08/17/2024 16:05:00,194.58,0.39,4.89,2.9,75.91,62.96,5.02,0.07,5.6,5.956,6,1945,,BrewIQ,SHU Lager
08/17/2024 16:25:00,194.92,0.39,4.89,2.9,75.91,62.96,5.02,0.07,5.6,5.956,6,1947,,BrewIQ,SHU Lager
08/17/2024 16:45:00,195.25,0.39,4.89,2.9,75.91,62.96,5.02,0.07,5.6,5.956,6,1956,,BrewIQ,SHU Lager
08/17/2024 17:05:00,195.58,0.4,4.93,2.9,75.91,62.96,5.02,0.07,5.6,5.956,6,1949,,BrewIQ,SHU Lager
08/17/2024 17:25:00,195.92,0.39,4.89,2.9,75.91,62.96,5.02,0.07,5.6,5.956,6,1946,,BrewIQ,SHU Lager
08/17/2024 17:45:00,196.25,0.39,4.92,2.9,75.91,62.96,5.02,0.07,5.6,5.956,6,1946,,BrewIQ,SHU Lager
08/17/2024 18:05:00,196.58,0.39,4.85,2.9,75.91,62.96,5.02,0.07,5.6,5.956,6,1946,,BrewIQ,SHU Lager
08/17/2024 18:25:00,196.92,0.39,4.87,2.9,75.91,62.96,5.02,0.07,5.6,5.956,6,1945,,BrewIQ,SHU Lager
08/17/2024 18:45:00,197.25,0.39,4.86,2.9,75.91,62.96,5.02,0.07,5.6,5.956,6,1947,,BrewIQ,SHU Lager
08/17/2024 19:05:00,197.58,0.39,4.91,2.9,75.91,62.96,5.02,0.07,5.6,5.956,6,1950,,BrewIQ,SHU Lager
08/17/2024 19:25:00,197.92,0.39,4.93,2.9,75.91,62.96,5.02,0.07,5.6,5.956,6,1947,,BrewIQ,SHU Lager
08/17/2024 19:45:00,198.25,0.39,4.9,2.9,75.91,62.96,5.02,0.07,5.6,5.956,6,1946,,BrewIQ,SHU Lager
08/17/2024 20:05:00,198.58,0.39,4.86,2.9,75.91,62.96,5.02,0.07,5.6,5.956,6,1945,,BrewIQ,SHU Lager
08/17/2024 20:25:00,198.92,0.4,4.85,2.9,75.91,62.96,5.02,0.07,5.6,5.956,6,1952,,BrewIQ,SHU Lager
08/17/2024 20:45:00,199.25,0.4,4.88,2.9,75.91,62.96,5.02,0.07,5.6,5.956,6,1954,,BrewIQ,SHU Lager
08/17/2024 21:05:00,199.58,0.41,4.92,2.9,75.91,62.96,5.02,0.07,5.5,5.856,6,1965,,BrewIQ,SHU Lager
08/17/2024 21:25:00,199.92,0.4,4.87,2.9,75.91,62.96,5.02,0.07,5.6,5.956,6,1964,,BrewIQ,SHU Lager
08/17/2024 21:45:00,200.25,0.4,4.93,2.9,75.91,62.96,5.02,0.07,5.5,5.856,6,1947,,BrewIQ,SHU Lager
08/17/2024 22:05:00,200.58,0.41,4.89,2.9,75.91,62.96,5.02,0.07,5.5,5.856,6,1943,,BrewIQ,SHU Lager
08/17/2024 22:25:00,200.92,0.41,4.89,2.9,75.91,62.96,5.02,0.07,5.5,5.856,6,1948,,BrewIQ,SHU Lager
08/17/2024 22:45:00,201.25,0.4,4.92,2.9,75.91,62.96,5.02,0.07,5.5,5.856,6,1949,,BrewIQ,SHU Lager
08/17/2024 23:05:00,201.58,0.41,4.89,2.9,75.91,62.96,5.02,0.07,5.6,5.956,6,1951,,BrewIQ,SHU Lager
08/17/2024 23:25:00,201.92,0.41,4.89,2.9,75.91,62.96,5.02,0.07,5.5,5.856,6,1953,,BrewIQ,SHU Lager
08/17/2024 23:45:00,202.25,0.4,4.88,2.9,75.91,62.96,5.02,0.07,5.5,5.856,6,1949,,BrewIQ,SHU Lager
08/18/2024 00:05:00,202.58,0.41,4.94,2.9,75.91,62.96,5.02,0.07,5.6,5.956,6,1944,,BrewIQ,SHU Lager
08/18/2024 00:25:00,202.92,0.4,4.92,2.9,75.91,62.96,5.02,0.07,5.6,5.956,6,1944,,BrewIQ,SHU Lager
08/18/2024 00:45:00,203.25,0.39,4.93,2.9,75.91,62.96,5.02,0.07,5.6,5.956,6,1942,,BrewIQ,SHU Lager
08/18/2024 01:05:00,203.58,0.41,4.87,2.9,75.91,62.96,5.02,0.07,5.6,5.956,6,1949,,BrewIQ,SHU Lager
08/18/2024 01:25:00,203.92,0.4,4.9,2.9,75.91,62.96,5.02,0.07,5.5,5.856,6,1943,,BrewIQ,SHU Lager
08/18/2024 01:45:00,204.25,0.4,4.93,2.9,75.91,62.96,5.02,0.07,5.5,5.856,6,1945,,BrewIQ,SHU Lager
08/18/2024 02:05:00,204.58,0.4,4.93,2.9,75.91,62.96,5.02,0.07,5.5,5.856,6,1947,,BrewIQ,SHU Lager
08/18/2024 02:25:00,204.92,0.4,4.94,2.9,75.91,62.96,5.02,0.07,5.5,5.856,6,1947,,BrewIQ,SHU Lager
08/18/2024 02:45:00,205.25,0.4,4.86,2.9,75.91,62.96,5.02,0.07,5.5,5.856,6,1949,,BrewIQ,SHU Lager
08/18/2024 03:05:00,205.58,0.4,4.91,2.9,75.91,62.96,5.02,0.07,5.5,5.856,6,1944,,BrewIQ,SHU Lager
08/18/2024 03:25:00,205.92,0.4,4.86,2.9,75.91,62.96,5.02,0.07,5.5,5.856,6,1943,,BrewIQ,SHU Lager
08/18/2024 03:45:00,206.25,0.4,4.94,2.9,75.91,62.96,5.02,0.07,5.5,5.856,6,1942,,BrewIQ,SHU Lager
08/18/2024 04:05:00,206.58,0.4,4.85,2.9,75.91,62.96,5.02,0.07,5.5,5.856,6,1942,,BrewIQ,SHU Lager
08/18/2024 04:25:00,206.92,0.4,4.94,2.9,75.91,62.96,5.02,0.07,5.5,5.856,6,1941,,BrewIQ,SHU Lager
08/18/2024 04:45:00,207.25,0.4,4.91,2.9,75.91,62.96,5.02,0.07,5.5,5.856,6,1942,,BrewIQ,SHU Lager
08/18/2024 05:05:00,207.58,0.4,4.91,2.9,75.91,62.96,5.02,0.07,5.5,5.856,6,1942,,BrewIQ,SHU Lager
08/18/2024 05:25:00,207.92,0.4,4.87,2.9,75.91,62.96,5.02,0.07,5.5,5.856,6,1947,,BrewIQ,SHU Lager
08/18/2024 05:45:00,208.25,0.4,4.91,2.9,75.91,62.96,5.02,0.07,5.5,5.856,6,1943,,BrewIQ,SHU Lager
08/18/2024 06:05:00,208.58,0.4,4.9,2.9,75.91,62.96,5.02,0.07,5.5,5.856,6,1943,,BrewIQ,SHU Lager
08/18/2024 06:25:00,208.92,0.4,4.94,2.9,75.91,62.96,5.02,0.07,5.5,5.856,6,1944,,BrewIQ,SHU Lager
08/18/2024 06:45:00,209.25,0.4,4.85,2.9,75.91,62.96,5.02,0.07,5.5,5.856,6,1953,,BrewIQ,SHU Lager
08/18/2024 07:05:00,209.58,0.4,4.93,2.9,75.91,62.96,5.02,0.07,5.5,5.856,6,1938,,BrewIQ,SHU Lager
08/18/2024 07:25:00,209.92,0.4,4.85,2.9,75.91,62.96,5.02,0.07,5.5,5.856,6,1940,,BrewIQ,SHU Lager
08/18/2024 07:45:00,210.25,0.4,4.85,2.9,75.91,62.96,5.02,0.07,5.5,5.856,6,1939,,BrewIQ,SHU Lager
08/18/2024 08:05:00,210.58,0.4,4.87,2.9,75.91,62.96,5.02,0.07,5.5,5.856,6,1944,,BrewIQ,SHU Lager
08/18/2024 08:25:00,210.92,0.4,4.91,2.9,75.91,62.96,5.02,0.07,5.4,5.756,6,1940,,BrewIQ,SHU Lager
08/18/2024 08:45:00,211.25,0.4,4.85,2.9,75.91,62.96,5.02,0.07,5.5,5.856,6,1958,,BrewIQ,SHU Lager
08/18/2024 09:05:00,211.58,0.4,4.91,2.9,75.91,62.96,5.02,0.07,5.5,5.856,6,1939,,BrewIQ,SHU Lager
08/18/2024 09:25:00,211.92,0.4,4.89,2.9,75.91,62.96,5.02,0.07,5.5,5.856,6,1957,,BrewIQ,SHU Lager
08/18/2024 09:45:00,212.25,0.4,4.94,2.9,75.91,62.96,5.02,0.07,5.4,5.756,6,1939,,BrewIQ,SHU Lager
08/18/2024 10:05:00,212.58,0.4,4.94,2.9,75.91,62.96,5.02,0.07,5.4,5.756,6,1943,,BrewIQ,SHU Lager
08/18/2024 10:25:00,212.92,0.4,4.93,2.9,75.91,62.96,5.02,0.07,5.4,5.756,6,1939,,BrewIQ,SHU Lager
08/18/2024 10:45:00,213.25,0.4,4.93,2.9,75.91,62.96,5.02,0.07,5.4,5.756,6,1943,,BrewIQ,SHU Lager
08/18/2024 11:05:00,213.58,0.4,4.85,2.9,75.91,62.96,5.02,0.07,5.4,5.756,6,1940,,BrewIQ,SHU Lager
08/18/2024 11:25:00,213.92,0.4,4.86,2.9,75.91,62.96,5.02,0.07,5.4,5.756,6,1943,,BrewIQ,SHU Lager
08/18/2024 11:45:00,214.25,0.4,4.9,2.9,75.91,62.96,5.02,0.07,5.4,5.756,6,1941,,BrewIQ,SHU Lager
08/18/2024 12:05:00,214.58,0.4,4.87,2.9,75.91,62.96,5.02,0.07,5.4,5.756,6,1943,,BrewIQ,SHU Lager
08/18/2024 12:25:00,214.92,0.4,4.89,2.9,75.91,62.96,5.02,0.07,5.4,5.756,6,1942,,BrewIQ,SHU Lager
08/18/2024 12:45:00,215.25,0.4,4.93,2.9,75.91,62.96,5.02,0.07,5.4,5.756,6,1942,,BrewIQ,SHU Lager
08/18/2024 13:05:00,215.58,0.4,4.89,2.9,75.91,62.96,5.02,0.07,5.4,5.756,6,1942,,BrewIQ,SHU Lager
08/18/2024 13:25:00,215.92,0.4,4.89,2.9,75.91,62.96,5.02,0.07,5.4,5.756,6,1941,,BrewIQ,SHU Lager
08/18/2024 13:45:00,216.25,0.4,4.89,2.9,75.91,62.96,5.02,0.07,5.4,5.756,6,1944,,BrewIQ,SHU Lager
08/18/2024 14:05:00,216.58,0.4,4.9,2.9,75.91,62.96,5.02,0.07,5.4,5.756,6,1942,,BrewIQ,SHU Lager
08/18/2024 14:25:00,216.92,0.4,4.88,2.9,75.91,62.96,5.02,0.07,5.4,5.756,6,1948,,BrewIQ,SHU Lager
08/18/2024 14:45:00,217.25,0.4,4.85,2.9,75.91,62.96,5.02,0.07,5.5,5.856,6,1946,,BrewIQ,SHU Lager
08/18/2024 15:05:00,217.58,0.4,4.89,2.9,75.91,62.96,5.02,0.07,5.5,5.856,6,1941,,BrewIQ,SHU Lager
08/18/2024 15:25:00,217.92,0.4,4.94,2.9,75.91,62.96,5.02,0.07,5.5,5.856,6,1945,,BrewIQ,SHU Lager
08/18/2024 15:45:00,218.25,0.4,4.89,2.9,75.91,62.96,5.02,0.07,5.4,5.756,6,1938,,BrewIQ,SHU Lager
08/18/2024 16:05:00,218.58,0.4,4.93,2.9,75.91,62.96,5.02,0.07,5.4,5.756,6,1937,,BrewIQ,SHU Lager
08/18/2024 16:25:00,218.92,0.4,4.88,2.9,75.91,62.96,5.02,0.07,5.4,5.756,6,1942,,BrewIQ,SHU Lager
08/18/2024 16:45:00,219.25,0.4,4.94,2.9,75.91,62.96,5.02,0.07,5.4,5.756,6,1941,,BrewIQ,SHU Lager
08/18/2024 17:05:00,219.58,0.4,4.88,2.9,75.91,62.96,5.02,0.07,5.4,5.756,6,1941,,BrewIQ,SHU Lager
08/18/2024 17:25:00,219.92,0.4,4.86,2.9,75.91,62.96,5.02,0.07,5.4,5.756,6,1940,,BrewIQ,SHU Lager
08/18/2024 17:45:00,220.25,0.4,4.92,2.9,75.91,62.96,5.02,0.07,5.4,5.756,6,1947,,BrewIQ,SHU Lager
08/18/2024 18:05:00,220.58,0.4,4.93,2.9,75.91,62.96,5.02,0.07,5.4,5.756,6,1946,,BrewIQ,SHU Lager
08/18/2024 18:25:00,220.92,0.4,4.89,2.9,75.91,62.96,5.02,0.07,5.4,5.756,6,1938,,BrewIQ,SHU Lager
08/18/2024 18:45:00,221.25,0.4,4.87,2.9,75.91,62.96,5.02,0.07,5.4,5.756,6,1940,,BrewIQ,SHU Lager
08/18/2024 19:05:00,221.58,0.4,4.86,2.9,75.91,62.96,5.02,0.07,5.4,5.756,6,1952,,BrewIQ,SHU Lager
08/18/2024 19:25:00,221.92,0.4,4.9,2.9,75.91,62.96,5.02,0.07,5.4,5.756,6,1942,,BrewIQ,SHU Lager
08/18/2024 19:45:00,222.25,0.4,4.9,2.9,75.91,62.96,5.02,0.07,5.4,5.756,6,1941,,BrewIQ,SHU Lager
08/18/2024 20:05:00,222.58,0.4,4.85,2.9,75.91,62.96,5.02,0.07,5.4,5.756,6,1944,,BrewIQ,SHU Lager
08/18/2024 20:25:00,222.92,0.4,4.88,2.9,75.91,62.96,5.02,0.07,5.4,5.756,6,1942,,BrewIQ,SHU Lager
08/18/2024 20:45:00,223.25,0.4,4.91,2.9,75.91,62.96,5.02,0.07,5.4,5.756,6,1941,,BrewIQ,SHU Lager
08/18/2024 21:05:00,223.58,0.4,4.91,2.9,75.91,62.96,5.02,0.07,5.4,5.756,6,1941,,BrewIQ,SHU Lager
08/18/2024 21:25:00,223.92,0.4,4.91,2.9,75.91,62.96,5.02,0.07,5.4,5.756,6,1940,,BrewIQ,SHU Lager
08/18/2024 21:45:00,224.25,0.4,4.94,2.9,75.91,62.96,5.02,0.07,5.4,5.756,6,1939,,BrewIQ,SHU Lager
08/18/2024 22:05:00,224.58,0.4,4.86,2.9,75.91,62.96,5.02,0.07,5.4,5.756,6,1940,,BrewIQ,SHU Lager
08/18/2024 22:25:00,224.92,0.4,4.88,2.9,75.91,62.96,5.02,0.07,5.4,5.756,6,1938,,BrewIQ,SHU Lager
08/18/2024 22:45:00,225.25,0.4,4.93,2.9,75.91,62.96,5.02,0.07,5.4,5.756,6,1949,,BrewIQ,SHU Lager
08/18/2024 23:05:00,225.58,0.4,4.91,2.9,75.91,62.96,5.02,0.07,5.4,5.756,6,1993,,BrewIQ,SHU Lager
08/18/2024 23:25:00,225.92,0.4,4.85,2.9,75.91,62.96,5.02,0.07,5.4,5.756,6,1942,,BrewIQ,SHU Lager
08/18/2024 23:45:00,226.25,0.4,4.88,2.9,75.91,62.96,5.02,0.07,5.4,5.756,6,1939,,BrewIQ,SHU Lager
08/19/2024 00:05:00,226.58,0.4,4.87,2.9,75.91,62.96,5.02,0.07,5.4,5.756,6,1945,,BrewIQ,SHU Lager
08/19/2024 00:25:00,226.92,0.4,4.9,2.9,75.91,62.96,5.02,0.07,5.4,5.756,6,1942,,BrewIQ,SHU Lager
08/19/2024 00:45:00,227.25,0.4,4.94,2.9,75.91,62.96,5.02,0.07,5.4,5.756,6,1947,,BrewIQ,SHU Lager
08/19/2024 01:05:00,227.58,0.4,4.9,2.9,75.91,62.96,5.02,0.07,5.4,5.756,6,1945,,BrewIQ,SHU Lager
08/19/2024 01:25:00,227.92,0.4,4.87,2.9,75.91,62.96,5.02,0.07,5.4,5.756,6,1945,,BrewIQ,SHU Lager
08/19/2024 01:45:00,228.25,0.4,4.89,2.9,75.91,62.96,5.02,0.07,5.4,5.756,6,1950,,BrewIQ,SHU Lager
08/19/2024 02:05:00,228.58,0.4,4.9,2.9,75.91,62.96,5.02,0.07,5.4,5.756,6,1944,,BrewIQ,SHU Lager
08/19/2024 02:25:00,228.92,0.4,4.93,2.9,75.91,62.96,5.02,0.07,5.4,5.756,6,1945,,BrewIQ,SHU Lager
08/19/2024 02:45:00,229.25,0.4,4.86,2.9,75.91,62.96,5.02,0.07,5.4,5.756,6,1947,,BrewIQ,SHU Lager
08/19/2024 03:05:00,229.58,0.4,4.89,2.9,75.91,62.96,5.02,0.07,5.4,5.756,6,1947,,BrewIQ,SHU Lager
08/19/2024 03:25:00,229.92,0.4,4.9,2.9,75.91,62.96,5.02,0.07,5.4,5.756,6,1943,,BrewIQ,SHU Lager
08/19/2024 03:45:00,230.25,0.4,4.9,2.9,75.91,62.96,5.02,0.07,5.3,5.656,6,1945,,BrewIQ,SHU Lager
08/19/2024 04:05:00,230.58,0.4,4.94,2.9,75.91,62.96,5.02,0.07,5.3,5.656,6,1952,,BrewIQ,SHU Lager
08/19/2024 04:25:00,230.92,0.4,4.86,2.9,75.91,62.96,5.02,0.07,5.3,5.656,6,1952,,BrewIQ,SHU Lager
08/19/2024 04:45:00,231.25,0.4,4.94,2.9,75.91,62.96,5.02,0.07,5.3,5.656,6,1948,,BrewIQ,SHU Lager
08/19/2024 05:05:00,231.58,0.4,4.86,2.9,75.91,62.96,5.02,0.07,5.3,5.656,6,1950,,BrewIQ,SHU Lager
08/19/2024 05:25:00,231.92,0.4,4.92,2.9,75.91,62.96,5.02,0.07,5.3,5.656,6,1953,,BrewIQ,SHU Lager
08/19/2024 05:45:00,232.25,0.4,4.9,2.9,75.91,62.96,5.02,0.07,5.3,5.656,6,1958,,BrewIQ,SHU Lager
08/19/2024 06:05:00,232.58,0.4,4.9,2.9,75.91,62.96,5.02,0.07,5.3,5.656,6,1950,,BrewIQ,SHU Lager
08/19/2024 06:25:00,232.92,0.4,4.89,2.9,75.91,62.96,5.02,0.07,5.4,5.756,6,1950,,BrewIQ,SHU Lager
08/19/2024 06:45:00,233.25,0.4,4.9,2.9,75.91,62.96,5.02,0.07,5.4,5.756,6,1952,,BrewIQ,SHU Lager
08/19/2024 07:05:00,233.58,0.4,4.89,2.9,75.91,62.96,5.02,0.07,5.4,5.756,6,1950,,BrewIQ,SHU Lager
08/19/2024 07:25:00,233.92,0.4,4.92,2.9,75.91,62.96,5.02,0.07,5.4,5.756,6,1943,,BrewIQ,SHU Lager
08/19/2024 07:45:00,234.25,0.4,4.89,2.9,75.91,62.96,5.02,0.07,5.4,5.756,6,1946,,BrewIQ,SHU Lager
08/19/2024 08:05:00,234.58,0.4,4.94,2.9,75.91,62.96,5.02,0.07,5.4,5.756,6,1942,,BrewIQ,SHU Lager
08/19/2024 08:25:00,234.92,0.4,4.92,2.9,75.91,62.96,5.02,0.07,5.3,5.656,6,1940,,BrewIQ,SHU Lager
08/19/2024 08:45:00,235.25,0.4,4.93,2.9,75.91,62.96,5.02,0.07,5.3,5.656,6,1944,,BrewIQ,SHU Lager
08/19/2024 09:05:00,235.58,0.4,4.88,2.9,75.91,62.96,5.02,0.07,5.3,5.656,6,1943,,BrewIQ,SHU Lager
08/19/2024 09:25:00,235.92,0.4,4.87,2.9,75.91,62.96,5.02,0.07,5.3,5.656,6,1945,,BrewIQ,SHU Lager
08/19/2024 09:45:00,236.25,0.4,4.88,2.9,75.91,62.96,5.02,0.07,5.3,5.656,6,1943,,BrewIQ,SHU Lager
08/19/2024 10:05:00,236.58,0.39,4.85,2.9,75.91,62.96,5.02,0.07,5.3,5.656,6,1949,,BrewIQ,SHU Lager
08/19/2024 10:25:00,236.92,0.4,4.9,2.9,75.91,62.96,5.02,0.07,5.3,5.656,6,1943,,BrewIQ,SHU Lager
08/19/2024 10:45:00,237.25,0.4,4.91,2.9,75.91,62.96,5.02,0.07,5.3,5.656,6,1942,,BrewIQ,SHU Lager
08/19/2024 11:05:00,237.58,0.4,4.89,2.9,75.91,62.96,5.02,0.07,5.4,5.756,6,1941,,BrewIQ,SHU Lager
08/19/2024 11:25:00,237.92,0.4,4.91,2.9,75.91,62.96,5.02,0.07,5.3,5.656,6,1943,,BrewIQ,SHU Lager
08/19/2024 11:45:00,238.25,0.4,4.94,2.9,75.91,62.96,5.02,0.07,5.4,5.756,6,1943,,BrewIQ,SHU Lager
08/19/2024 12:05:00,238.58,0.4,4.87,2.9,75.91,62.96,5.02,0.07,5.4,5.756,6,1948,,BrewIQ,SHU Lager
08/19/2024 12:25:00,238.92,0.4,4.9,2.9,75.91,62.96,5.02,0.07,5.4,5.756,6,1943,,BrewIQ,SHU Lager
08/19/2024 12:45:00,239.25,0.4,4.85,2.9,75.91,62.96,5.02,0.07,5.4,5.756,6,1946,,BrewIQ,SHU Lager
08/19/2024 13:05:00,239.58,0.4,4.9,2.9,75.91,62.96,5.02,0.07,5.4,5.756,6,1942,,BrewIQ,SHU Lager
08/19/2024 13:25:00,239.92,0.4,4.88,2.9,75.91,62.96,5.02,0.07,5.3,5.656,6,1942,,BrewIQ,SHU Lager
08/19/2024 13:45:00,240.25,0.4,4.89,2.9,75.91,62.96,5.02,0.07,5.3,5.656,6,1941,,BrewIQ,SHU Lager
08/19/2024 14:05:00,240.58,0.4,4.88,2.9,75.91,62.96,5.02,0.07,5.3,5.656,6,1941,,BrewIQ,SHU Lager
08/19/2024 14:25:00,240.92,0.39,4.86,2.9,75.91,62.96,5.02,0.07,5.3,5.656,6,1942,,BrewIQ,SHU Lager
08/19/2024 14:45:00,241.25,0.4,4.88,2.9,75.91,62.96,5.02,0.07,5.3,5.656,6,1931,,BrewIQ,SHU Lager
08/19/2024 15:05:00,241.58,0.4,4.85,2.9,75.91,62.96,5.02,0.07,5.3,5.656,6,1942,,BrewIQ,SHU Lager
08/19/2024 15:25:00,241.92,0.4,4.93,2.9,75.91,62.96,5.02,0.07,5.3,5.656,6,1942,,BrewIQ,SHU Lager
08/19/2024 15:45:00,242.25,0.4,4.91,2.9,75.91,62.96,5.02,0.07,5.3,5.656,6,1929,,BrewIQ,SHU Lager
08/19/2024 16:05:00,242.58,0.4,4.92,2.9,75.91,62.96,5.02,0.07,5.3,5.656,6,1926,,BrewIQ,SHU Lager
08/19/2024 16:25:00,242.92,0.4,4.88,2.9,75.91,62.96,5.02,0.07,5.3,5.656,6,1929,,BrewIQ,SHU Lager
08/19/2024 16:45:00,243.25,0.39,4.94,2.9,75.91,62.96,5.02,0.07,5.3,5.656,6,1929,,BrewIQ,SHU Lager
08/19/2024 17:05:00,243.58,0.4,4.91,2.9,75.91,62.96,5.02,0.07,5.3,5.656,6,1932,,BrewIQ,SHU Lager
08/19/2024 17:25:00,243.92,0.4,4.91,2.9,75.91,62.96,5.02,0.07,5.3,5.656,6,1937,,BrewIQ,SHU Lager
08/19/2024 17:45:00,244.25,0.39,4.89,2.9,75.91,62.96,5.02,0.07,5.3,5.656,6,1935,,BrewIQ,SHU Lager
08/19/2024 18:05:00,244.58,0.4,4.85,2.9,75.91,62.96,5.02,0.07,5.3,5.656,6,1932,,BrewIQ,SHU Lager
08/19/2024 18:25:00,244.92,0.4,4.89,2.9,75.91,62.96,5.02,0.07,5.3,5.656,6,1930,,BrewIQ,SHU Lager
08/19/2024 18:45:00,245.25,0.39,4.89,2.9,75.91,62.96,5.02,0.07,5.3,5.656,6,1936,,BrewIQ,SHU Lager
08/19/2024 19:05:00,245.58,0.39,4.85,2.9,75.91,62.96,5.02,0.07,5.3,5.656,6,1939,,BrewIQ,SHU Lager
08/19/2024 19:25:00,245.92,0.4,4.86,2.9,75.91,62.96,5.02,0.07,5.3,5.656,6,1941,,BrewIQ,SHU Lager
08/19/2024 19:45:00,246.25,0.4,4.86,2.9,75.91,62.96,5.02,0.07,5.3,5.656,6,1934,,BrewIQ,SHU Lager
08/19/2024 20:05:00,246.58,0.4,4.93,2.9,75.91,62.96,5.02,0.07,5.3,5.656,6,1928,,BrewIQ,SHU Lager
08/19/2024 20:25:00,246.92,0.4,4.9,2.9,75.91,62.96,5.02,0.07,5.3,5.656,6,1931,,BrewIQ,SHU Lager
08/19/2024 20:45:00,247.25,0.4,4.89,2.9,75.91,62.96,5.02,0.07,5.3,5.656,6,1929,,BrewIQ,SHU Lager
08/19/2024 21:05:00,247.58,0.39,4.86,2.9,75.91,62.96,5.02,0.07,5.3,5.656,6,1931,,BrewIQ,SHU Lager
08/19/2024 21:25:00,247.92,0.39,4.94,2.9,75.91,62.96,5.02,0.07,5.3,5.656,6,1956,,BrewIQ,SHU Lager
08/19/2024 21:45:00,248.25,0.4,4.9,2.9,75.91,62.96,5.02,0.07,5.3,5.656,6,1930,,BrewIQ,SHU Lager
08/19/2024 22:05:00,248.58,0.4,4.95,2.9,75.91,62.96,5.02,0.07,5.3,5.656,6,1930,,BrewIQ,SHU Lager
08/19/2024 22:25:00,248.92,0.4,4.9,2.9,75.91,62.96,5.02,0.07,5.3,5.656,6,1942,,BrewIQ,SHU Lager
08/19/2024 22:45:00,249.25,0.4,4.92,2.9,75.91,62.96,5.02,0.07,5.3,5.656,6,1928,,BrewIQ,SHU Lager
08/19/2024 23:05:00,249.58,0.4,4.87,2.9,75.91,62.96,5.02,0.07,5.3,5.656,6,1928,,BrewIQ,SHU Lager
08/19/2024 23:25:00,249.92,0.4,4.91,2.9,75.91,62.96,5.02,0.07,5.3,5.656,6,1929,,BrewIQ,SHU Lager
08/19/2024 23:45:00,250.25,0.4,4.93,2.9,75.91,62.96,5.02,0.07,5.3,5.656,6,1930,,BrewIQ,SHU Lager
08/20/2024 00:05:00,250.58,0.4,4.9,2.9,75.91,62.96,5.02,0.07,5.3,5.656,6,1932,,BrewIQ,SHU Lager
08/20/2024 00:25:00,250.92,0.42,4.87,2.9,75.91,62.96,5.02,0.07,5.3,5.656,6,1934,,BrewIQ,SHU Lager
08/20/2024 00:45:00,251.25,0.4,4.9,2.9,75.91,62.96,5.02,0.07,5.3,5.656,6,1938,,BrewIQ,SHU Lager
08/20/2024 01:05:00,251.58,0.4,4.86,2.9,75.91,62.96,5.02,0.07,5.3,5.656,6,1935,,BrewIQ,SHU Lager
08/20/2024 01:25:00,251.92,0.4,4.95,2.9,75.91,62.96,5.02,0.07,5.3,5.656,6,1939,,BrewIQ,SHU Lager
08/20/2024 01:45:00,252.25,0.4,4.92,2.9,75.91,62.96,5.02,0.07,5.3,5.656,6,1929,,BrewIQ,SHU Lager
08/20/2024 02:05:00,252.58,0.4,4.92,2.9,75.91,62.96,5.02,0.07,5.3,5.656,6,1930,,BrewIQ,SHU Lager
08/20/2024 02:25:00,252.92,0.4,4.95,2.9,75.91,62.96,5.02,0.07,5.3,5.656,6,1932,,BrewIQ,SHU Lager
08/20/2024 02:45:00,253.25,0.4,4.91,2.9,75.91,62.96,5.02,0.07,5.3,5.656,6,1929,,BrewIQ,SHU Lager
08/20/2024 03:05:00,253.58,0.4,4.86,2.9,75.91,62.96,5.02,0.07,5.3,5.656,6,1929,,BrewIQ,SHU Lager
08/20/2024 03:25:00,253.92,0.4,4.86,2.9,75.91,62.96,5.02,0.07,5.3,5.656,6,1928,,BrewIQ,SHU Lager
08/20/2024 03:45:00,254.25,0.4,4.86,2.9,75.91,62.96,5.02,0.07,5.3,5.656,6,1926,,BrewIQ,SHU Lager
08/20/2024 04:05:00,254.58,0.4,4.89,2.9,75.91,62.96,5.02,0.07,5.3,5.656,6,1928,,BrewIQ,SHU Lager
08/20/2024 04:25:00,254.92,0.4,4.88,2.9,75.91,62.96,5.02,0.07,5.3,5.656,6,1931,,BrewIQ,SHU Lager
08/20/2024 04:45:00,255.25,0.4,4.86,2.9,75.91,62.96,5.02,0.07,5.3,5.656,6,1928,,BrewIQ,SHU Lager
08/20/2024 05:05:00,255.58,0.4,4.95,2.9,75.91,62.96,5.02,0.07,5.3,5.656,6,1944,,BrewIQ,SHU Lager
08/20/2024 05:25:00,255.92,0.4,4.9,2.9,75.91,62.96,5.02,0.07,5.3,5.656,6,1929,,BrewIQ,SHU Lager
08/20/2024 05:45:00,256.25,0.4,4.93,2.9,75.91,62.96,5.02,0.07,5.3,5.656,6,1929,,BrewIQ,SHU Lager
08/20/2024 06:05:00,256.58,0.4,4.94,2.9,75.91,62.96,5.02,0.07,5.3,5.656,6,1929,,BrewIQ,SHU Lager
08/20/2024 06:25:00,256.92,0.4,4.9,2.9,75.91,62.96,5.02,0.07,5.3,5.656,6,1928,,BrewIQ,SHU Lager
08/20/2024 06:45:00,257.25,0.4,4.88,2.9,75.91,62.96,5.02,0.07,5.3,5.656,6,1929,,BrewIQ,SHU Lager
08/20/2024 07:05:00,257.58,0.4,4.92,2.9,75.91,62.96,5.02,0.07,5.3,5.656,6,1930,,BrewIQ,SHU Lager
08/20/2024 07:25:00,257.92,0.4,4.89,2.9,75.91,62.96,5.02,0.07,5.3,5.656,6,1944,,BrewIQ,SHU Lager
08/20/2024 07:45:00,258.25,0.4,4.93,2.9,75.91,62.96,5.02,0.07,5.3,5.656,6,1931,,BrewIQ,SHU Lager
08/20/2024 08:05:00,258.58,0.4,4.88,2.9,75.91,62.96,5.02,0.07,5.3,5.656,6,1930,,BrewIQ,SHU Lager
08/20/2024 08:25:00,258.92,0.4,4.91,2.9,75.91,62.96,5.02,0.07,5.3,5.656,6,1954,,BrewIQ,SHU Lager
08/20/2024 08:45:00,259.25,0.4,4.89,2.9,75.91,62.96,5.02,0.07,5.3,5.656,6,1947,,BrewIQ,SHU Lager
08/20/2024 09:05:00,259.58,0.4,4.9,2.9,75.91,62.96,5.02,0.07,5.3,5.656,6,1933,,BrewIQ,SHU Lager
08/20/2024 09:25:00,259.92,0.4,4.93,2.9,75.91,62.96,5.02,0.07,5.3,5.656,6,1932,,BrewIQ,SHU Lager
08/20/2024 09:45:00,260.25,0.4,4.94,2.9,75.91,62.96,5.02,0.07,5.3,5.656,6,1925,,BrewIQ,SHU Lager
08/20/2024 10:05:00,260.58,0.4,4.89,2.9,75.91,62.96,5.02,0.07,5.3,5.656,6,1927,,BrewIQ,SHU Lager
08/20/2024 10:25:00,260.92,0.39,4.9,2.9,75.91,62.96,5.02,0.07,5.3,5.656,6,1929,,BrewIQ,SHU Lager
08/20/2024 10:45:00,261.25,0.4,4.89,2.9,75.91,62.96,5.02,0.07,5.3,5.656,6,1942,,BrewIQ,SHU Lager
08/20/2024 11:05:00,261.58,0.39,4.92,2.9,75.91,62.96,5.02,0.07,5.3,5.656,6,1929,,BrewIQ,SHU Lager
08/20/2024 11:25:00,261.92,0.4,4.94,2.9,75.91,62.96,5.02,0.07,5.3,5.656,6,1928,,BrewIQ,SHU Lager
08/20/2024 11:45:00,262.25,0.4,4.87,2.9,75.91,62.96,5.02,0.07,5.3,5.656,6,1932,,BrewIQ,SHU Lager
08/20/2024 12:05:00,262.58,0.4,4.88,2.9,75.91,62.96,5.02,0.07,5.3,5.656,6,1928,,BrewIQ,SHU Lager
08/20/2024 12:25:00,262.92,0.4,4.93,2.9,75.91,62.96,5.02,0.07,5.3,5.656,6,1929,,BrewIQ,SHU Lager
08/20/2024 12:45:00,263.25,0.4,4.9,2.9,75.91,62.96,5.02,0.07,5.3,5.656,6,1931,,BrewIQ,SHU Lager
08/20/2024 13:05:00,263.58,0.4,4.95,2.9,75.91,62.96,5.03,0.07,5.3,5.656,6,1931,,BrewIQ,SHU Lager
08/20/2024 13:25:00,263.92,0.4,4.9,2.9,75.91,62.96,5.03,0.07,5.3,5.656,6,1927,,BrewIQ,SHU Lager
08/20/2024 13:45:00,264.25,0.4,4.94,2.9,75.91,62.96,5.02,0.07,5.3,5.656,6,1926,,BrewIQ,SHU Lager
08/20/2024 14:05:00,264.58,0.4,4.9,2.9,75.91,62.96,5.03,0.07,5.3,5.656,6,1934,,BrewIQ,SHU Lager
08/20/2024 14:25:00,264.92,0.4,4.91,2.9,75.91,62.96,5.02,0.07,5.3,5.656,6,1931,,BrewIQ,SHU Lager
08/20/2024 14:45:00,265.25,0.4,4.93,2.9,75.91,62.96,5.02,0.07,5.3,5.656,6,1925,,BrewIQ,SHU Lager
08/20/2024 15:05:00,265.58,0.4,4.88,2.9,75.91,62.96,5.02,0.07,5.3,5.656,6,1940,,BrewIQ,SHU Lager
08/20/2024 15:25:00,265.92,0.4,4.9,2.9,75.91,62.96,5.02,0.07,5.3,5.656,6,1928,,BrewIQ,SHU Lager
08/20/2024 15:45:00,266.25,0.4,4.86,2.9,75.91,62.96,5.02,0.07,5.3,5.656,6,1925,,BrewIQ,SHU Lager
08/20/2024 16:05:00,266.58,0.4,4.9,2.9,75.91,62.96,5.03,0.07,5.4,5.756,6,1935,,BrewIQ,SHU Lager
08/20/2024 16:25:00,266.92,0.4,4.88,2.9,75.91,62.96,5.03,0.07,5.5,5.856,6,1939,,BrewIQ,SHU Lager
08/20/2024 16:45:00,267.25,0.4,4.94,2.8,76.74,63.7,5.04,0.07,5.7,6.056,7,1938,,BrewIQ,SHU Lager
08/20/2024 17:05:00,267.58,0.4,4.91,2.8,76.74,63.7,5.04,0.07,5.8,6.156,8,1937,,BrewIQ,SHU Lager
08/20/2024 17:25:00,267.92,0.4,4.89,2.8,76.74,63.7,5.06,0.07,5.9,6.256,9,1924,,BrewIQ,SHU Lager
08/20/2024 17:45:00,268.25,0.39,4.91,2.8,76.74,63.7,5.04,0.07,5.8,6.156,9,1926,,BrewIQ,SHU Lager
08/20/2024 18:05:00,268.58,0.39,4.9,2.9,75.91,62.96,5.03,0.07,5.7,6.056,8,1908,,BrewIQ,SHU Lager
08/20/2024 18:25:00,268.92,0.39,4.87,2.9,75.91,62.96,5.03,0.07,5.7,6.056,7,1921,,BrewIQ,SHU Lager
08/20/2024 18:45:00,269.25,0.4,4.89,2.9,75.91,62.96,5.03,0.07,5.6,5.956,6,1934,,BrewIQ,SHU Lager
08/20/2024 19:05:00,269.58,0.39,4.94,2.9,75.91,62.96,5.03,0.07,5.6,5.956,6,1924,,BrewIQ,SHU Lager
08/20/2024 19:25:00,269.92,0.39,4.94,2.9,75.91,62.96,5.03,0.07,5.6,5.956,6,1925,,BrewIQ,SHU Lager
08/20/2024 19:45:00,270.25,0.39,4.86,2.9,75.91,62.96,5.03,0.07,5.6,5.956,6,1927,,BrewIQ,SHU Lager
08/20/2024 20:05:00,270.58,0.39,4.86,2.9,75.91,62.96,5.03,0.07,5.6,5.956,6,1956,,BrewIQ,SHU Lager
08/20/2024 20:25:00,270.92,0.4,4.92,2.9,75.91,62.96,5.03,0.07,5.6,5.956,6,1932,,BrewIQ,SHU Lager
08/20/2024 20:45:00,271.25,0.39,4.86,2.9,75.91,62.96,5.03,0.07,5.6,5.956,6,1940,,BrewIQ,SHU Lager
08/20/2024 21:05:00,271.58,0.4,4.88,2.9,75.91,62.96,5.03,0.07,5.6,5.956,6,1933,,BrewIQ,SHU Lager
08/20/2024 21:25:00,271.92,0.39,4.94,2.9,75.91,62.96,5.03,0.07,5.6,5.956,6,1927,,BrewIQ,SHU Lager
08/20/2024 21:45:00,272.25,0.4,4.87,2.9,75.91,62.96,5.03,0.07,5.5,5.856,6,1930,,BrewIQ,SHU Lager
08/20/2024 22:05:00,272.58,0.4,4.86,2.9,75.91,62.96,5.03,0.07,5.5,5.856,6,1929,,BrewIQ,SHU Lager
08/20/2024 22:25:00,272.92,0.4,4.95,2.9,75.91,62.96,5.03,0.07,5.5,5.856,6,1928,,BrewIQ,SHU Lager
08/20/2024 22:45:00,273.25,0.4,4.88,2.9,75.91,62.96,5.03,0.07,5.5,5.856,6,1931,,BrewIQ,SHU Lager
08/20/2024 23:05:00,273.58,0.4,4.9,2.9,75.91,62.96,5.02,0.07,5.5,5.856,6,1931,,BrewIQ,SHU Lager
08/20/2024 23:25:00,273.92,0.4,4.92,2.9,75.91,62.96,5.02,0.07,5.5,5.856,6,1930,,BrewIQ,SHU Lager
08/20/2024 23:45:00,274.25,0.4,4.91,2.9,75.91,62.96,5.02,0.07,5.5,5.856,6,1929,,BrewIQ,SHU Lager
08/21/2024 00:05:00,274.58,0.4,4.93,2.9,75.91,62.96,5.02,0.07,5.5,5.856,6,1930,,BrewIQ,SHU Lager
08/21/2024 00:25:00,274.92,0.4,4.92,2.9,75.91,62.96,5.02,0.07,5.5,5.856,6,1930,,BrewIQ,SHU Lager
08/21/2024 00:45:00,275.25,0.4,4.86,2.9,75.91,62.96,5.02,0.07,5.5,5.856,6,1931,,BrewIQ,SHU Lager
08/21/2024 01:05:00,275.58,0.4,4.94,2.9,75.91,62.96,5.02,0.07,5.5,5.856,6,1930,,BrewIQ,SHU Lager
08/21/2024 01:25:00,275.92,0.4,4.93,2.9,75.91,62.96,5.02,0.07,5.5,5.856,6,1932,,BrewIQ,SHU Lager
08/21/2024 01:45:00,276.25,0.4,4.86,2.9,75.91,62.96,5.02,0.07,5.5,5.856,6,1930,,BrewIQ,SHU Lager
08/21/2024 02:05:00,276.58,0.4,4.95,2.9,75.91,62.96,5.02,0.07,5.5,5.856,6,1931,,BrewIQ,SHU Lager
08/21/2024 02:25:00,276.92,0.4,4.91,2.9,75.91,62.96,5.02,0.07,5.5,5.856,6,1940,,BrewIQ,SHU Lager
08/21/2024 02:45:00,277.25,0.4,4.95,2.9,75.91,62.96,5.02,0.07,5.5,5.856,6,1942,,BrewIQ,SHU Lager
08/21/2024 03:05:00,277.58,0.4,4.87,2.9,75.91,62.96,5.02,0.07,5.5,5.856,6,1939,,BrewIQ,SHU Lager
08/21/2024 03:25:00,277.92,0.4,4.86,2.9,75.91,62.96,5.02,0.07,5.5,5.856,6,1941,,BrewIQ,SHU Lager
08/21/2024 03:45:00,278.25,0.4,4.95,2.9,75.91,62.96,5.03,0.07,5.5,5.856,6,1949,,BrewIQ,SHU Lager
08/21/2024 04:05:00,278.58,0.4,4.91,2.9,75.91,62.96,5.02,0.07,5.5,5.856,6,1961,,BrewIQ,SHU Lager
08/21/2024 04:25:00,278.92,0.4,4.94,2.9,75.91,62.96,5.03,0.07,5.5,5.856,6,1957,,BrewIQ,SHU Lager
08/21/2024 04:45:00,279.25,0.4,4.89,2.9,75.91,62.96,5.03,0.07,5.5,5.856,6,1964,,BrewIQ,SHU Lager
08/21/2024 05:05:00,279.58,0.4,4.93,2.9,75.91,62.96,5.02,0.07,5.5,5.856,6,1969,,BrewIQ,SHU Lager
08/21/2024 05:25:00,279.92,0.4,4.9,2.9,75.91,62.96,5.02,0.07,5.5,5.856,6,1940,,BrewIQ,SHU Lager
08/21/2024 05:45:00,280.25,0.4,4.94,2.9,75.91,62.96,5.02,0.07,5.5,5.856,6,1939,,BrewIQ,SHU Lager
08/21/2024 06:05:00,280.58,0.4,4.91,2.9,75.91,62.96,5.02,0.07,5.5,5.856,6,1943,,BrewIQ,SHU Lager
08/21/2024 06:25:00,280.92,0.4,4.86,2.9,75.91,62.96,5.02,0.07,5.4,5.756,6,1938,,BrewIQ,SHU Lager
08/21/2024 06:45:00,281.25,0.4,4.89,2.9,75.91,62.96,5.02,0.07,5.5,5.856,6,1942,,BrewIQ,SHU Lager
08/21/2024 07:05:00,281.58,0.4,4.9,2.9,75.91,62.96,5.03,0.07,5.5,5.856,6,1938,,BrewIQ,SHU Lager
08/21/2024 07:25:00,281.92,0.4,4.94,2.9,75.91,62.96,5.03,0.07,5.5,5.856,6,1939,,BrewIQ,SHU Lager
08/21/2024 07:45:00,282.25,0.4,4.88,2.9,75.91,62.96,5.03,0.07,5.5,5.856,6,1936,,BrewIQ,SHU Lager
08/21/2024 08:05:00,282.58,0.4,4.87,2.9,75.91,62.96,5.03,0.07,5.5,5.856,6,1935,,BrewIQ,SHU Lager
08/21/2024 08:25:00,282.92,0.4,4.86,2.9,75.91,62.96,5.03,0.07,5.5,5.856,6,1933,,BrewIQ,SHU Lager
08/21/2024 08:45:00,283.25,0.4,4.89,2.9,75.91,62.96,5.02,0.07,5.5,5.856,6,1940,,BrewIQ,SHU Lager
08/21/2024 09:05:00,283.58,0.4,4.86,2.9,75.91,62.96,5.03,0.07,5.5,5.856,6,1934,,BrewIQ,SHU Lager
08/21/2024 09:25:00,283.92,0.4,4.94,2.9,75.91,62.96,5.03,0.07,5.5,5.856,6,1934,,BrewIQ,SHU Lager
08/21/2024 09:45:00,284.25,0.4,4.9,2.9,75.91,62.96,5.03,0.07,5.4,5.756,6,1934,,BrewIQ,SHU Lager
08/21/2024 10:05:00,284.58,0.4,4.92,2.9,75.91,62.96,5.03,0.07,5.4,5.756,6,1936,,BrewIQ,SHU Lager
08/21/2024 10:25:00,284.92,0.4,4.92,2.9,75.91,62.96,5.03,0.07,5.4,5.756,6,1933,,BrewIQ,SHU Lager
08/21/2024 10:45:00,285.25,0.4,4.94,2.9,75.91,62.96,5.02,0.07,5.4,5.756,6,1934,,BrewIQ,SHU Lager
08/21/2024 11:05:00,285.58,0.4,4.93,2.9,75.91,62.96,5.02,0.07,5.4,5.756,6,1933,,BrewIQ,SHU Lager
08/21/2024 11:25:00,285.92,0.4,4.87,2.9,75.91,62.96,5.02,0.07,5.4,5.756,6,1934,,BrewIQ,SHU Lager
08/21/2024 11:45:00,286.25,0.4,4.9,2.9,75.91,62.96,5.02,0.07,5.4,5.756,6,1937,,BrewIQ,SHU Lager
08/21/2024 12:05:00,286.58,0.4,4.86,2.9,75.91,62.96,5.02,0.07,5.4,5.756,6,1946,,BrewIQ,SHU Lager
08/21/2024 12:25:00,286.92,0.4,4.92,2.9,75.91,62.96,5.02,0.07,5.4,5.756,6,1949,,BrewIQ,SHU Lager
08/21/2024 12:45:00,287.25,0.4,4.87,2.9,75.91,62.96,5.02,0.07,5.4,5.756,6,1936,,BrewIQ,SHU Lager
08/21/2024 13:05:00,287.58,0.4,4.94,2.9,75.91,62.96,5.02,0.07,5.4,5.756,6,1934,,BrewIQ,SHU Lager
08/21/2024 13:25:00,287.92,0.4,4.94,2.9,75.91,62.96,5.03,0.07,5.4,5.756,6,1936,,BrewIQ,SHU Lager
08/21/2024 13:45:00,288.25,0.4,4.94,2.9,75.91,62.96,5.03,0.07,5.4,5.756,6,1939,,BrewIQ,SHU Lager
08/21/2024 14:05:00,288.58,0.4,4.95,2.9,75.91,62.96,5.03,0.07,5.4,5.756,6,1934,,BrewIQ,SHU Lager
08/21/2024 14:25:00,288.92,0.4,4.89,2.9,75.91,62.96,5.03,0.07,5.5,5.856,6,1934,,BrewIQ,SHU Lager
08/21/2024 14:45:00,289.25,0.4,4.94,2.9,75.91,62.96,5.03,0.07,5.4,5.756,6,1932,,BrewIQ,SHU Lager
08/21/2024 15:05:00,289.58,0.4,4.95,2.9,75.91,62.96,5.03,0.07,5.4,5.756,6,1932,,BrewIQ,SHU Lager
08/21/2024 15:25:00,289.92,0.4,4.93,2.9,75.91,62.96,5.02,0.07,5.4,5.756,6,1933,,BrewIQ,SHU Lager
08/21/2024 15:45:00,290.25,0.4,4.95,2.9,75.91,62.96,5.02,0.07,5.4,5.756,6,1930,,BrewIQ,SHU Lager
08/21/2024 16:05:00,290.58,0.4,4.95,2.9,75.91,62.96,5.02,0.07,5.4,5.756,6,1934,,BrewIQ,SHU Lager
08/21/2024 16:25:00,290.92,0.4,4.92,2.9,75.91,62.96,5.02,0.07,5.4,5.756,6,1932,,BrewIQ,SHU Lager
08/21/2024 16:45:00,291.25,0.4,4.95,2.9,75.91,62.96,5.02,0.07,5.4,5.756,6,1933,,BrewIQ,SHU Lager
08/21/2024 17:05:00,291.58,0.4,4.92,2.9,75.91,62.96,5.02,0.07,5.4,5.756,6,1933,,BrewIQ,SHU Lager
08/21/2024 17:25:00,291.92,0.4,4.94,2.9,75.91,62.96,5.02,0.07,5.4,5.756,6,1933,,BrewIQ,SHU Lager
08/21/2024 17:45:00,292.25,0.4,4.92,2.9,75.91,62.96,5.02,0.07,5.4,5.756,6,1935,,BrewIQ,SHU Lager
08/21/2024 18:05:00,292.58,0.4,4.91,2.9,75.91,62.96,5.02,0.07,5.4,5.756,6,1934,,BrewIQ,SHU Lager
08/21/2024 18:25:00,292.92,0.4,4.88,2.9,75.91,62.96,5.02,0.07,5.4,5.756,6,1934,,BrewIQ,SHU Lager
08/21/2024 18:45:00,293.25,0.4,4.89,2.9,75.91,62.96,5.03,0.07,5.4,5.756,6,1934,,BrewIQ,SHU Lager
08/21/2024 19:05:00,293.58,0.4,4.88,2.9,75.91,62.96,5.03,0.07,5.4,5.756,6,1929,,BrewIQ,SHU Lager
08/21/2024 19:25:00,293.92,0.4,4.89,2.9,75.91,62.96,5.02,0.07,5.4,5.756,6,1934,,BrewIQ,SHU Lager
08/21/2024 19:45:00,294.25,0.4,4.88,2.9,75.91,62.96,5.02,0.07,5.4,5.756,6,1930,,BrewIQ,SHU Lager
08/21/2024 20:05:00,294.58,0.4,4.86,2.9,75.91,62.96,5.02,0.07,5.4,5.756,6,1941,,BrewIQ,SHU Lager
08/21/2024 20:25:00,294.92,0.4,4.9,2.9,75.91,62.96,5.02,0.07,5.4,5.756,6,1929,,BrewIQ,SHU Lager
08/21/2024 20:45:00,295.25,0.4,4.88,2.9,75.91,62.96,5.03,0.07,5.4,5.756,6,1930,,BrewIQ,SHU Lager
08/21/2024 21:05:00,295.58,0.4,4.92,2.9,75.91,62.96,5.02,0.07,5.4,5.756,6,1930,,BrewIQ,SHU Lager
08/21/2024 21:25:00,295.92,0.4,4.89,2.9,75.91,62.96,5.02,0.07,5.4,5.756,6,1933,,BrewIQ,SHU Lager
08/21/2024 21:45:00,296.25,0.4,4.9,2.9,75.91,62.96,5.03,0.07,5.4,5.756,6,1933,,BrewIQ,SHU Lager
08/21/2024 22:05:00,296.58,0.4,4.94,2.9,75.91,62.96,5.03,0.07,5.4,5.756,6,1931,,BrewIQ,SHU Lager
08/21/2024 22:25:00,296.92,0.4,4.86,2.9,75.91,62.96,5.02,0.07,5.4,5.756,6,1930,,BrewIQ,SHU Lager
08/21/2024 22:45:00,297.25,0.4,4.92,2.9,75.91,62.96,5.02,0.07,5.4,5.756,6,1929,,BrewIQ,SHU Lager
08/21/2024 23:05:00,297.58,0.4,4.95,2.9,75.91,62.96,5.02,0.07,5.4,5.756,6,1927,,BrewIQ,SHU Lager
08/21/2024 23:25:00,297.92,0.4,4.92,2.9,75.91,62.96,5.02,0.07,5.4,5.756,6,1931,,BrewIQ,SHU Lager
08/21/2024 23:45:00,298.25,0.4,4.86,2.9,75.91,62.96,5.02,0.07,5.4,5.756,6,1928,,BrewIQ,SHU Lager
08/22/2024 00:05:00,298.58,0.4,4.89,2.9,75.91,62.96,5.02,0.07,5.4,5.756,6,1930,,BrewIQ,SHU Lager
08/22/2024 00:25:00,298.92,0.4,4.94,2.9,75.91,62.96,5.02,0.07,5.4,5.756,6,1930,,BrewIQ,SHU Lager
08/22/2024 00:45:00,299.25,0.4,4.95,2.9,75.91,62.96,5.03,0.07,5.4,5.756,6,1929,,BrewIQ,SHU Lager
08/22/2024 01:05:00,299.58,0.4,4.92,2.9,75.91,62.96,5.02,0.07,5.3,5.656,6,1928,,BrewIQ,SHU Lager
08/22/2024 01:25:00,299.92,0.4,4.92,2.9,75.91,62.96,5.02,0.07,5.4,5.756,6,1930,,BrewIQ,SHU Lager
08/22/2024 01:45:00,300.25,0.4,4.9,2.9,75.91,62.96,5.02,0.07,5.3,5.656,6,1929,,BrewIQ,SHU Lager
08/22/2024 02:05:00,300.58,0.4,4.91,2.9,75.91,62.96,5.02,0.07,5.3,5.656,6,1930,,BrewIQ,SHU Lager
08/22/2024 02:25:00,300.92,0.4,4.87,2.9,75.91,62.96,5.02,0.07,5.3,5.656,6,1930,,BrewIQ,SHU Lager
08/22/2024 02:45:00,301.25,0.4,4.91,2.9,75.91,62.96,5.02,0.07,5.3,5.656,6,1927,,BrewIQ,SHU Lager
08/22/2024 03:05:00,301.58,0.4,4.95,2.9,75.91,62.96,5.02,0.07,5.3,5.656,6,1928,,BrewIQ,SHU Lager
08/22/2024 03:25:00,301.92,0.4,4.87,2.9,75.91,62.96,5.02,0.07,5.3,5.656,6,1927,,BrewIQ,SHU Lager
08/22/2024 03:45:00,302.25,0.4,4.89,2.9,75.91,62.96,5.02,0.07,5.3,5.656,6,1927,,BrewIQ,SHU Lager
08/22/2024 04:05:00,302.58,0.4,4.94,2.9,75.91,62.96,5.02,0.07,5.3,5.656,6,1933,,BrewIQ,SHU Lager
08/22/2024 04:25:00,302.92,0.4,4.86,2.9,75.91,62.96,5.02,0.07,5.3,5.656,6,1928,,BrewIQ,SHU Lager
08/22/2024 04:45:00,303.25,0.4,4.95,2.9,75.91,62.96,5.02,0.07,5.3,5.656,6,1927,,BrewIQ,SHU Lager
08/22/2024 05:05:00,303.58,0.4,4.91,2.9,75.91,62.96,5.02,0.07,5.3,5.656,6,1929,,BrewIQ,SHU Lager
08/22/2024 05:25:00,303.92,0.4,4.9,2.9,75.91,62.96,5.02,0.07,5.3,5.656,6,1939,,BrewIQ,SHU Lager
08/22/2024 05:45:00,304.25,0.4,4.95,2.9,75.91,62.96,5.02,0.07,5.3,5.656,6,1939,,BrewIQ,SHU Lager
08/22/2024 06:05:00,304.58,0.39,4.94,2.9,75.91,62.96,5.02,0.07,5.3,5.656,6,1942,,BrewIQ,SHU Lager
08/22/2024 06:25:00,304.92,0.39,4.91,2.9,75.91,62.96,5.02,0.07,5.3,5.656,6,1943,,BrewIQ,SHU Lager
08/22/2024 06:45:00,305.25,0.39,4.93,2.9,75.91,62.96,5.02,0.07,5.3,5.656,6,1942,,BrewIQ,SHU Lager
08/22/2024 07:05:00,305.58,0.4,4.89,2.9,75.91,62.96,5.02,0.07,5.3,5.656,6,1938,,BrewIQ,SHU Lager
08/22/2024 07:25:00,305.92,0.39,4.93,2.9,75.91,62.96,5.02,0.07,5.3,5.656,6,1942,,BrewIQ,SHU Lager
08/22/2024 07:45:00,306.25,0.4,4.91,2.9,75.91,62.96,5.02,0.07,5.3,5.656,6,1938,,BrewIQ,SHU Lager
08/22/2024 08:05:00,306.58,0.4,4.95,2.9,75.91,62.96,5.02,0.07,5.3,5.656,6,1940,,BrewIQ,SHU Lager
08/22/2024 08:25:00,306.92,0.4,4.95,2.9,75.91,62.96,5.02,0.07,5.3,5.656,6,1943,,BrewIQ,SHU Lager
08/22/2024 08:45:00,307.25,0.4,4.93,2.9,75.91,62.96,5.02,0.07,5.3,5.656,6,1945,,BrewIQ,SHU Lager
08/22/2024 09:05:00,307.58,0.4,4.88,2.9,75.91,62.96,5.03,0.07,5.4,5.756,6,1940,,BrewIQ,SHU Lager
08/22/2024 09:25:00,307.92,0.4,4.95,2.9,75.91,62.96,5.02,0.07,5.4,5.756,6,1941,,BrewIQ,SHU Lager
